Workbook

Sheet Basic Calcs Comparison
A2: Dimensions
C4: Units | D4: Version 1 | E4: Version 2 | F4: Version 3 | G4: ISS | H4: Notes | I4: Source
A5: Outer Diameter | B5: D1 | C5: m | D5: 100 | E5: 1000 | F5: 10000 | G5: 73 | H5: Inside diameter of the Seed Ring. ISS dimension relates to maximum length | I5: https://en.wikipedia.org/wiki/Electrical_system_of_the_International_Space_Station
A6: Section Outer Diameter | B6: d1 | C6: m | D6: 10 | E6: 100 | F6: 1000 | H6: Outside diamter of the section - for the purposes of simplicity assumed to be circular
A7: Inner Diameter | B7: D2 | C7: m | D7: =SUM(D5-(2*D6)) -> 80 | E7: =SUM(E5-(2*E6)) -> 800 | F7: =SUM(F5-(2*F6)) -> 8000
A8: Wall Thickness | B8: l1 | C8: m | D8: 0.02 | E8: 0.5 | F8: 10
A9: Section Area Outer | C9: m2 | D9: =SUM(3.1416/4*((D5*D5)-((D5-(2*D8))*(D5-(2*D8))))) -> 6.2819434 | E9: =SUM(3.1416/4*((E5*E5)-((E5-(2*E8))*(E5-(2*E8))))) -> 1570.0146 | F9: =SUM(3.1416/4*((F5*F5)-((F5-(2*F8))*(F5-(2*F8))))) -> 313845.84 | H9: Area of the outer walls required to be fully covered by the print head
A10: Section Area Ground Floor | C10: m2 | D10: =(D5-(D8*2))*D8 -> 1.9992 | E10: =(E5-(E8*2))*E8 -> 499.5 | F10: =(F5-(F8*2))*F8 -> 99800 | H10: Area of the central floor area required to be fully covered by the print head
A11: Additional Print Area | C11: % | D11: 2 | E11: 2 | F11: 40 | H11: For further inner floors / walls as a percentage of the central floor section area
A12: Total Sectional Area | C12: m2 | D12: =D9+D10+(D10*D11) -> 12.279543 | E12: =E9+E10+(E10*E11) -> 3068.5146 | F12: =F9+F10+(F10*F11) -> 4405645.8 | H12: This number is used in conjunction with the print nozzle size and print depth to calculate how many revolutions are required to cover the area
A13: Outer Torus Volume | B13: V1 | C13: m3 | D13: =SUM(3.1416*3.1416)*(D5/2+D7/2)*(D5/2-D7/2)*(D5/2-D7/2)/4 -> 22206.714 | E13: =SUM(3.1416*3.1416)*(E5/2+E7/2)*(E5/2-E7/2)*(E5/2-E7/2)/4 -> 22206714 | F13: =SUM(3.1416*3.1416)*(F5/2+F7/2)*(F5/2-F7/2)*(F5/2-F7/2)/4 -> 2.2206714e+10
A14: Inside Torus Outer Diameter | C14: m | D14: =D5-(D8*2) -> 99.96 | E14: =E5-(E8*2) -> 999 | F14: =F5-(F8*2) -> 9980
A15: Inside Torus Inner Diameter | C15: m | D15: =D7+(D8*2) -> 80.04 | E15: =E7+(E8*2) -> 801 | F15: =F7+(F8*2) -> 8020
A16: Inside Torus Volume | C16: m3 | D16: =SUM(3.1416*3.1416)*(D14/2+D15/2)*(D14/2-D15/2)*(D14/2-D15/2)/4 -> 22029.415 | E16: =SUM(3.1416*3.1416)*(E14/2+E15/2)*(E14/2-E15/2)*(E14/2-E15/2)/4 -> 21764800 | F16: =SUM(3.1416*3.1416)*(F14/2+F15/2)*(F14/2-F15/2)*(F14/2-F15/2)/4 -> 2.1327328e+10 | H16: Layer thickness
A17: Torus Shell Volume | C17: m3 | D17: =SUM(D13-D16) -> 177.2984 | E17: =SUM(E13-E16) -> 441913.6 | F17: =SUM(F13-F16) -> 8.7938586e+08
A18: Central floor Volume | C18: m3 | D18: =(3.1416*D8*D14*(D6-2*D8)) -> 62.55564 | E18: =(3.1416*E8*E14*(E6-2*E8)) -> 155353.69 | F18: =(3.1416*F8*F14*(F6-2*F8)) -> 3.0726105e+08 | H18: Volume associated with a ring shaped floor at the widest point wih a thickness equal to the outer wall
A19: Additional Print Volume | C19: m3 | D19: =SUM(D11*D18)+D18 -> 187.66692 | E19: =SUM(E11*E18)+E18 -> 466061.07 | F19: =SUM(F11*F18)+F18 -> 1.2597703e+10
A20: Internal Volume | C20: m3 | D20: =D16-D19 -> 21841.748 | E20: =E16-E19 -> 21298739 | F20: =F16-F19 -> 8.729625e+09 | G20: 932 | I20: https://www.nasa.gov/feature/facts-and-figures
A21: Internal Volume | C21: km3 | D21: =D20/1000000000 -> 2.1841748e-05 | E21: =E20/1000000000 -> 0.021298739 | F21: =F20/1000000000 -> 8.729625
A22: Total Print Volume | C22: m3 | D22: =D17+D19 -> 364.96532 | E22: =E17+E19 -> 907974.68 | F22: =F17+F19 -> 1.3477089e+10
A23: Total Print Volume | C23: km3 | D23: =D22/1000000000 -> 3.6496532e-07 | E23: =E22/1000000000 -> 0.00090797468 | F23: =F22/1000000000 -> 13.477089
A24: People on Board | D24: 50 | E24: 10000 | F24: 100000000 | G24: 6
A25: Ground Floor Space | C25: m2 | D25: =3.1416*2*(D5-D7)*D6 -> 1256.64 | E25: =3.1416*2*(E5-E7)*E6 -> 125664 | F25: =3.1416*2*(F5-F7)*F6 -> 12566400
A26: Ground Floor Space | C26: km2 | D26: =D25/1000000 -> 0.00125664 | E26: =E25/1000000 -> 0.125664 | F26: =F25/1000000 -> 12.5664
A27: Average volume per person | C27: m3 | D27: =D20/D24/2 -> 218.41748 | E27: =E20/E24/2 -> 1064.937 | F27: =F20/F24/2 -> 43.648125 | G27: =SUM(G20/G24) -> 155.33333 | H27: Approximate calculation assumes 50% of volume unusable
A28: Floor Space per person at 2.5 m ceiling | C28: m2 | D28: =D27/2.5 -> 87.366994 | E28: =E27/2.5 -> 425.97478 | F28: =F27/2.5 -> 17.45925 | H28: Approximate calculation does not consider curvature of structure. Assumes 2.5m room heights
A29: Total Mass of People | C29: Ton | D29: =SUM(D24*62)/1000 -> 3.1 | E29: =SUM(E24*62)/1000 -> 620 | F29: =SUM(F24*62)/1000 -> 6200000 | H29: Excluding personal Possessions | I29: https://en.wikipedia.org/wiki/Human_body_weight
A31: Manufacturing Process
A33: Print Speed | C33: m/s | D33: 0.5 | E33: 1 | F33: 8 | H33: How fast the printer head moves relative to the surface being printed Current home 3D print speed. Aluminium extrusion in range of 5 - 50 m/min (0.08 - 0.8 m/s)
A34: Nozzle Diameter | C34: mm | D34: 4 | E34: 100 | F34: 1000
A35: Print Depth | C35: mm | D35: 2 | E35: 20 | F35: 250
A36: Nozzle volumetric flow rate | C36: cm3/s | D36: =SUM(D34*D33*D35) -> 4 | E36: =SUM(E34*E33*E35) -> 2000 | F36: =SUM(F34*F33*F35) -> 2000000 | H36: For all Nozzles
A37: Rotational Speed | C37: RPM | D37: =D33*60/(3.1416*D5) -> 0.095492743 | E37: =E33*60/(3.1416*E5) -> 0.019098549 | F37: =F33*60/(3.1416*F5) -> 0.015278839 | H37: Calculated from the print head speed at the outer diameter
A38: G-force outer edge (RCF) | D38: =D37*D37*1.118*0.001*(D5/2) -> 0.00050974449 | E38: =E37*E37*1.118*0.001*(E5/2) -> 0.0002038978 | F38: =F37*F37*1.118*0.001*(F5/2) -> 0.0013049459 | H38: Induced by rotation of ring
A39: Number of Print Head Nozzles | D39: 4 | E39: 16 | F39: 100 | H39: Number of nozzles for the main construction material - separate print head are assumed for other materials
A40: Flow Rate per Nozzles | C40: kg/s | D40: =D41/D39 -> 0.01082 | E40: =E41/E39 -> 5.68 | F40: =F41/F39 -> 5680
A41: Flow Rate All Nozzles | C41: kg/s | D41: =SUM(D36*D51*D39)/1000000 -> 0.04328 | E41: =SUM(E36*E51*E39)/1000000 -> 90.88 | F41: =SUM(F36*F51*F39)/1000000 -> 568000 | H41: Used in power sonsumption calculations
A42: Flow Rate All Nozzles | C42: Ton/s | D42: =D41/1000 -> 4.328e-05 | E42: =E41/1000 -> 0.09088 | F42: =F41/1000 -> 568
A43: Print Efficiency | C43: % | D43: 0.9 | E43: 0.9 | F43: 0.9 | H43: Tme Printing vs Time Not Printing NOT INCLUDING wall design desity
A44: Number of Complete Revolutions | C44: million | D44: =D12/(D34*D35/1000)/1000 -> 1.5349429 | E44: =E12/(E34*E35/1000)/1000 -> 1.5342573 | F44: =F12/(F34*F35/1000)/1000 -> 17.622583 | H44: Based upon the total sectional area divided by the print area (nozzle diameter x print depth x number of nozzles)
A45: Print Time | C45: days | D45: =((D44*1000)/D37)/60/24/D39/D43*1000 -> 3100.6794 | E45: =((E44*1000)/E37)/60/24/E39/E43*1000 -> 3874.1181 | F45: =((F44*1000)/F37)/60/24/F39/F43*1000 -> 8899.6766 | H45: Calculated using number of revolutions and rotaional speed
A46: Print Time | C46: years | D46: =SUM(D45)/365 -> 8.4950122 | E46: =SUM(E45)/365 -> 10.614022 | F46: =SUM(F45)/365 -> 24.382675
A48: Material Requirements
A50: Main Structure Material
A51: Material Density | C51: kg/m3 | D51: ='Materials Properties'!E23 -> 2705 | E51: ='Materials Properties'!F23 -> 2840 | F51: ='Materials Properties'!G23 -> 2840 | H51: From Table
A52: Wall Design Density | C52: % | D52: 0.5 | E52: 1 | F52: 0.5
A53: Total Mass | C53: tons | D53: =SUM(D22)*D51/1000*D52 -> 493.6156 | E53: =SUM(E22)*E51/1000*E52 -> 2578648.1 | F53: =SUM(F22)*F51/1000*F52 -> 1.9137466e+10 | G53: 420 | I53: https://www.nasa.gov/feature/facts-and-figures
A54: Proportion of moon | C54: % | D54: =D53/POWER(7.33,22) -> 4.582489e-17 | E54: =E53/POWER(7.33,22) -> 2.3938924e-13 | F54: =F53/POWER(7.33,22) -> 1.77663e-09 | H54: Mass of moon 7.35 x 10 22 kg | I54: https://www.space.com/18135-how-big-is-the-moon.html#:~:text=The%20moon%27s%20mass%20is%207.35%20x%2010%2022,3.34%20grams%20per%20cubic%20centimeter%20%283.34%20g%2Fcm%203%29.
A55: Raw Materials Production Rate | C55: ton /day | D55: =D53/D45 -> 0.15919595 | E55: =E53/E45 -> 665.60906 | F55: =F53/F45 -> 2150355.2 | H55: The great pyramid is estimated to weight 6 million tons | I55: https://en.wikipedia.org/wiki/Great_Pyramid_of_Giza#:~:text=It%20is%20estimated%20that%20the%20pyramid%20weighs%20approximately,is%20seen%20today%20is%20the%20underlying%20core%20structure.
A56: Falcon Heavy Lifts | D56: =SUM(D53/64) -> 7.7127437 | E56: =SUM(E53/64) -> 40291.376 | F56: =SUM(F53/64) -> 2.9902291e+08 | H56: 64 Ton lift capacity. Not applicable for moon rock | I56: https://arstechnica.com/science/2018/02/three-years-of-sls-development-could-buy-86-falcon-heavy-launches/
A57: Launch Cost | C57: $m | D57: 150 | E57: 150 | F57: 150 | H57: Assumed $150m per launch | I57: https://arstechnica.com/science/2018/02/three-years-of-sls-development-could-buy-86-falcon-heavy-launches/
A58: Lifts frequency | C58: days | D58: =SUM(365/(D56/D46)) -> 402.02029 | E58: =SUM(365/(E56/E46)) -> 0.096152538 | F58: =SUM(365/(F56/F46)) -> 2.9762524e-05
A59: Lift Cost | C59: $bn | D59: =SUM(D56*D57/1000) -> 1.1569116 | E59: =SUM(E56*E57/1000) -> 6043.7064 | F59: =SUM(F56*F57/1000) -> 44853436
A61: Power Requirements
A63: Melt Energy | C63: GJ/ton | D63: ='Materials Properties'!K$23*3600/1000000 -> 2.07 | E63: ='Materials Properties'!L$23*3600/1000000 -> 0.54 | F63: ='Materials Properties'!M$23*3600/1000000 -> 0.54
A64: Total Energy | C64: GJ | D64: =SUM(D53*D63) -> 1021.7843 | E64: =SUM(E53*E63) -> 1392470 | F64: =SUM(F53*F63) -> 1.0334232e+10
A65: Process Efficiency | C65: % | D65: 0.7 | E65: 0.7 | F65: 0.7 | H65: Inefficiencies in overall system such melt vessel heat loses and power transmission loses
A66: Continuous Power | C66: kW | D66: =D63*1000*D41/D65 -> 127.98514 | E66: =E63*1000*E41/E65 -> 70107.429 | F66: =F63*1000*F41/F65 -> 4.3817143e+08 | G66: 120 | H66: Calculated by assuming all nozzles are concurrently printing at the flow rates For additional comparison nuclear power station range up to 8 GW
A67: Solar energy in orbit | C67: W/m2 | D67: 1365 | E67: 1365 | F67: 1365 | H67: The location of the manufacturing site relative to the position of the sun, earth and moon will impact this number | I67: https://www.solarenspace.com/solaren-space-solar/ssp-overview/
A68: Panel Efficiency | C68: % | D68: 0.4 | E68: 0.4 | F68: 0.4
A69: Theoretical Minimum Panel Size | C69: m2 | D69: =SUM(D66/D67)*1000/D68 -> 234.40502 | E69: =SUM(E66/E67)*1000/E68 -> 128401.88 | F69: =SUM(F66/F67)*1000/F68 -> 8.0251177e+08 | H69: Assumes continuous line of site to the sun | I69: https://www.nasa.gov/mission_pages/station/structure/elements/solar_arrays-about.html
A70: Square Sides | C70: m | D70: =SQRT(D69) -> 15.310291 | E70: =SQRT(E69) -> 358.33209 | F70: =SQRT(F69) -> 28328.639 | G70: =SQRT(G72) -> 50 | H70: Dimensions of square panel
A71: Diameter | C71: m | D71: =SQRT(D69*4/3.14) -> 17.280195 | E71: =SQRT(E69*4/3.14) -> 404.43699 | F71: =SQRT(F69*4/3.14) -> 31973.551 | G71: =SQRT(G72*4/3.14) -> 56.433265 | H71: Equivalent size of the circular panel
A72: Panel Size Using ISS panel size / power ratio | C72: m2 | D72: =D66/$G66*$G72/D65 -> 3809.0816 | E72: =E66/$G66*$G72/E65 -> 2086530.6 | F72: =F66/$G66*$G72/F65 -> 1.3040816e+10 | G72: 2500 | H72: Assumes a worst case.
A73: Square Sides | C73: m | D73: =SQRT(D72) -> 61.717758 | E73: =SQRT(E72) -> 1444.4828 | F73: =SQRT(F72) -> 114196.39
A74: Diameter | C74: m | D74: =SQRT(D72*4/3.14) -> 69.658691 | E74: =SQRT(E72*4/3.14) -> 1630.3376 | F74: =SQRT(F72*4/3.14) -> 128889.51
A76: Value to be entered
A77: Value from external source
A78: Calculated Value
D88: Revolutions | E88: =8/(2*4)*1000000 -> 1000000
D89: Minutes | E89: =SUM(E88/E37) -> 52360000
D90: days | E90: =SUM(E89/60/24) -> 36361.111
D91: years | E91: =SUM(E90/365) -> 99.619482

Sheet gravity chart
A2: Dimensions
C4: Version 1 | D4: Version 2 | E4: Version 3 | F4: Version 3 | G4: Version 4 | H4: Version 5 | I4: Version 6 | J4: Version 7 | K4: Version 8 | L4: Version 9 | M4: Version 10 | N4: Version 11 | O4: Units
A5: Outer Diameter | B5: D1 | C5: 100 | D5: 1000 | E5: 2000 | F5: 4000 | G5: 6000 | H5: 8000 | I5: 10000 | J5: 20000 | K5: 40000 | L5: 60000 | M5: 80000 | N5: 100000 | O5: m
A6: Section Outer Diameter | B6: d1 | C6: 10 | D6: 100 | E6: 100 | F6: 10000 | G6: 10000 | H6: 10000 | I6: 10000 | J6: 10000 | K6: 10000 | L6: 10000 | M6: 10000 | N6: 10000 | O6: m
A7: Inner Diameter | B7: D2 | C7: =SUM(C5-(2*C6)) -> 80 | D7: =SUM(D5-(2*D6)) -> 800 | E7: =SUM(E5-(2*E6)) -> 1800 | F7: =SUM(F5-(2*F6)) -> -16000 | G7: =SUM(G5-(2*G6)) -> -14000 | H7: =SUM(H5-(2*H6)) -> -12000 | I7: =SUM(I5-(2*I6)) -> -10000 | J7: =SUM(J5-(2*J6)) -> 0 | ... N7: =SUM(N5-(2*N6)) -> 80000 | O7: m
A8: Wall Thickness | B8: l1 | C8: 0.02 | D8: 0.5 | E8: 1.5 | F8: 10 | G8: 11 | H8: 12 | I8: 13 | J8: 14 | K8: 15 | L8: 16 | M8: 17 | N8: 18 | O8: m
A9: Section Area Outer | C9: =SUM(3.1416/4*((C5*C5)-((C5-(2*C8))*(C5-(2*C8))))) -> 6.2819434 | D9: =SUM(3.1416/4*((D5*D5)-((D5-(2*D8))*(D5-(2*D8))))) -> 1570.0146 | E9: =SUM(3.1416/4*((E5*E5)-((E5-(2*E8))*(E5-(2*E8))))) -> 9417.7314 | F9: =SUM(3.1416/4*((F5*F5)-((F5-(2*F8))*(F5-(2*F8))))) -> 125349.84 | G9: =SUM(3.1416/4*((G5*G5)-((G5-(2*G8))*(G5-(2*G8))))) -> 206965.47 | H9: =SUM(3.1416/4*((H5*H5)-((H5-(2*H8))*(H5-(2*H8))))) -> 301141.21 | I9: =SUM(3.1416/4*((I5*I5)-((I5-(2*I8))*(I5-(2*I8))))) -> 407877.07 | J9: =SUM(3.1416/4*((J5*J5)-((J5-(2*J8))*(J5-(2*J8))))) -> 879032.25 | ... N9: =SUM(3.1416/4*((N5*N5)-((N5-(2*N8))*(N5-(2*N8))))) -> 5653862.1 | O9: m2
A10: Section Area Ground Floor | C10: =(C5-(C8*2))*C8 -> 1.9992 | D10: =(D5-(D8*2))*D8 -> 499.5 | E10: =(E5-(E8*2))*E8 -> 2995.5 | F10: =(F5-(F8*2))*F8 -> 39800 | G10: =(G5-(G8*2))*G8 -> 65758 | H10: =(H5-(H8*2))*H8 -> 95712 | I10: =(I5-(I8*2))*I8 -> 129662 | J10: =(J5-(J8*2))*J8 -> 279608 | ... N10: =(N5-(N8*2))*N8 -> 1799352 | O10: m2
A11: Additional Print Area | C11: 2 | D11: 2 | E11: 3 | F11: 40 | G11: 41 | H11: 42 | I11: 43 | J11: 44 | K11: 45 | L11: 46 | M11: 47 | N11: 48 | O11: %
A12: Total Sectional Area | C12: =C9+C10+(C10*C11) -> 12.279543 | D12: =D9+D10+(D10*D11) -> 3068.5146 | E12: =E9+E10+(E10*E11) -> 21399.731 | F12: =F9+F10+(F10*F11) -> 1757149.8 | G12: =G9+G10+(G10*G11) -> 2968801.5 | H12: =H9+H10+(H10*H11) -> 4416757.2 | I12: =I9+I10+(I10*I11) -> 6113005.1 | J12: =J9+J10+(J10*J11) -> 13461392 | ... N12: =N9+N10+(N10*N11) -> 93822110 | O12: m2
A13: Outer Torus Volume | B13: V1 | C13: =SUM(3.1416*3.1416)*(C5/2+C7/2)*(C5/2-C7/2)*(C5/2-C7/2)/4 -> 22206.714 | D13: =SUM(3.1416*3.1416)*(D5/2+D7/2)*(D5/2-D7/2)*(D5/2-D7/2)/4 -> 22206714 | E13: =SUM(3.1416*3.1416)*(E5/2+E7/2)*(E5/2-E7/2)*(E5/2-E7/2)/4 -> 46880840 | F13: =SUM(3.1416*3.1416)*(F5/2+F7/2)*(F5/2-F7/2)*(F5/2-F7/2)/4 -> -1480447584000 | G13: =SUM(3.1416*3.1416)*(G5/2+G7/2)*(G5/2-G7/2)*(G5/2-G7/2)/4 -> -986965056000 | H13: =SUM(3.1416*3.1416)*(H5/2+H7/2)*(H5/2-H7/2)*(H5/2-H7/2)/4 -> -493482528000 | I13: =SUM(3.1416*3.1416)*(I5/2+I7/2)*(I5/2-I7/2)*(I5/2-I7/2)/4 -> 0 | J13: =SUM(3.1416*3.1416)*(J5/2+J7/2)*(J5/2-J7/2)*(J5/2-J7/2)/4 -> 2467412640000 | ... N13: =SUM(3.1416*3.1416)*(N5/2+N7/2)*(N5/2-N7/2)*(N5/2-N7/2)/4 -> 22206713760000 | O13: m3
A14: Inside Torus Outer Diameter | C14: =C5-(C8*2) -> 99.96 | D14: =D5-(D8*2) -> 999 | E14: =E5-(E8*2) -> 1997 | F14: =F5-(F8*2) -> 3980 | G14: =G5-(G8*2) -> 5978 | H14: =H5-(H8*2) -> 7976 | I14: =I5-(I8*2) -> 9974 | J14: =J5-(J8*2) -> 19972 | ... N14: =N5-(N8*2) -> 99964 | O14: m
A15: Inside Torus Inner Diameter | C15: =C7+(C8*2) -> 80.04 | D15: =D7+(D8*2) -> 801 | E15: =E7+(E8*2) -> 1803 | F15: =F7+(F8*2) -> -15980 | G15: =G7+(G8*2) -> -13978 | H15: =H7+(H8*2) -> -11976 | I15: =I7+(I8*2) -> -9974 | J15: =J7+(J8*2) -> 28 | ... N15: =N7+(N8*2) -> 80036 | O15: m
A16: Inside Torus Volume | C16: =SUM(3.1416*3.1416)*(C14/2+C15/2)*(C14/2-C15/2)*(C14/2-C15/2)/4 -> 22029.415 | D16: =SUM(3.1416*3.1416)*(D14/2+D15/2)*(D14/2-D15/2)*(D14/2-D15/2)/4 -> 21764800 | E16: =SUM(3.1416*3.1416)*(E14/2+E15/2)*(E14/2-E15/2)*(E14/2-E15/2)/4 -> 44110183 | F16: =SUM(3.1416*3.1416)*(F14/2+F15/2)*(F14/2-F15/2)*(F14/2-F15/2)/4 -> -1.4745317e+12 | G16: =SUM(3.1416*3.1416)*(G14/2+G15/2)*(G14/2-G15/2)*(G14/2-G15/2)/4 -> -9.8262719e+11 | H16: =SUM(3.1416*3.1416)*(H14/2+H15/2)*(H14/2-H15/2)*(H14/2-H15/2)/4 -> -4.9111665e+11 | I16: =SUM(3.1416*3.1416)*(I14/2+I15/2)*(I14/2-I15/2)*(I14/2-I15/2)/4 -> 0 | J16: =SUM(3.1416*3.1416)*(J14/2+J15/2)*(J14/2-J15/2)*(J14/2-J15/2)/4 -> 2.4536145e+12 | ... N16: =SUM(3.1416*3.1416)*(N14/2+N15/2)*(N14/2-N15/2)*(N14/2-N15/2)/4 -> 2.2047113e+13 | O16: m3
A17: Torus Shell Volume | C17: =SUM(C13-C16) -> 177.2984 | D17: =SUM(D13-D16) -> 441913.6 | E17: =SUM(E13-E16) -> 2770657.7 | F17: =SUM(F13-F16) -> -5.9158685e+09 | G17: =SUM(G13-G16) -> -4.3378693e+09 | H17: =SUM(H13-H16) -> -2.3658737e+09 | I17: =SUM(I13-I16) -> 0 | J17: =SUM(J13-J16) -> 1.3798166e+10 | ... N17: =SUM(N13-N16) -> 1.5960054e+11 | O17: m3
A18: Central floor Volume | C18: =(3.1416*C8*C14*(C6-2*C8)) -> 62.55564 | D18: =(3.1416*D8*D14*(D6-2*D8)) -> 155353.69 | E18: =(3.1416*E8*E14*(E6-2*E8)) -> 912834.29 | F18: =(3.1416*F8*F14*(F6-2*F8)) -> 1.2478561e+09 | G18: =(3.1416*G8*G14*(G6-2*G8)) -> 2.0613085e+09 | H18: =(3.1416*H8*H14*(H6-2*H8)) -> 2.9996717e+09 | I18: =(3.1416*I8*I14*(I6-2*I8)) -> 4.0628704e+09 | J18: =(3.1416*J8*J14*(J6-2*J8)) -> 8.7595693e+09 | ... N18: =(3.1416*N8*N14*(N6-2*N8)) -> 5.632494e+10 | O18: m3
A19: Additional Print Volume | C19: =SUM(C11*C18)+C18 -> 187.66692 | D19: =SUM(D11*D18)+D18 -> 466061.07 | E19: =SUM(E11*E18)+E18 -> 3651337.2 | F19: =SUM(F11*F18)+F18 -> 5.11621e+10 | G19: =SUM(G11*G18)+G18 -> 8.6574955e+10 | H19: =SUM(H11*H18)+H18 -> 1.2898588e+11 | I19: =SUM(I11*I18)+I18 -> 1.787663e+11 | J19: =SUM(J11*J18)+J18 -> 3.9418062e+11 | ... N19: =SUM(N11*N18)+N18 -> 2.7599221e+12 | O19: m3
A20: Internal Volume | C20: =C16-C19 -> 21841.748 | D20: =D16-D19 -> 21298739 | E20: =E16-E19 -> 40458845 | F20: =F16-F19 -> -1.5256938e+12 | G20: =G16-G19 -> -1.0692021e+12 | H20: =H16-H19 -> -6.2010254e+11 | I20: =I16-I19 -> -1.787663e+11 | J20: =J16-J19 -> 2.0594339e+12 | ... N20: =N16-N19 -> 1.9287191e+13 | O20: m3
A21: Internal Volume | C21: =C20/1000000000 -> 2.1841748e-05 | D21: =D20/1000000000 -> 0.021298739 | E21: =E20/1000000000 -> 0.040458845 | F21: =F20/1000000000 -> -1525.6938 | G21: =G20/1000000000 -> -1069.2021 | H21: =H20/1000000000 -> -620.10254 | I21: =I20/1000000000 -> -178.7663 | J21: =J20/1000000000 -> 2059.4339 | ... N21: =N20/1000000000 -> 19287.191 | O21: km3
A22: Total Print Volume | C22: =C17+C19 -> 364.96532 | D22: =D17+D19 -> 907974.68 | E22: =E17+E19 -> 6421994.8 | F22: =F17+F19 -> 4.5246231e+10 | G22: =G17+G19 -> 8.2237086e+10 | H22: =H17+H19 -> 1.2662001e+11 | I22: =I17+I19 -> 1.787663e+11 | J22: =J17+J19 -> 4.0797878e+11 | ... N22: =N17+N19 -> 2.9195226e+12 | O22: m3
A23: Total Print Volume | C23: =C22/1000000000 -> 3.6496532e-07 | D23: =D22/1000000000 -> 0.00090797468 | E23: =E22/1000000000 -> 0.0064219948 | F23: =F22/1000000000 -> 45.246231 | G23: =G22/1000000000 -> 82.237086 | H23: =H22/1000000000 -> 126.62001 | I23: =I22/1000000000 -> 178.7663 | J23: =J22/1000000000 -> 407.97878 | ... N23: =N22/1000000000 -> 2919.5226 | O23: km3
A24: People on Board | C24: 50 | D24: 10000 | E24: 10001 | F24: 100000000 | G24: 100000001 | H24: 100000002 | I24: 100000003 | J24: 100000004 | K24: 100000005 | L24: 100000006 | M24: 100000007 | N24: 100000008
A25: Ground Floor Space | C25: =3.1416*2*(C5-C7)*C6 -> 1256.64 | D25: =3.1416*2*(D5-D7)*D6 -> 125664 | E25: =3.1416*2*(E5-E7)*E6 -> 125664 | F25: =3.1416*2*(F5-F7)*F6 -> 1256640000 | G25: =3.1416*2*(G5-G7)*G6 -> 1256640000 | H25: =3.1416*2*(H5-H7)*H6 -> 1256640000 | I25: =3.1416*2*(I5-I7)*I6 -> 1256640000 | J25: =3.1416*2*(J5-J7)*J6 -> 1256640000 | ... N25: =3.1416*2*(N5-N7)*N6 -> 1256640000 | O25: m2
A26: Ground Floor Space | C26: =C25/1000000 -> 0.00125664 | D26: =D25/1000000 -> 0.125664 | E26: =E25/1000000 -> 0.125664 | F26: =F25/1000000 -> 1256.64 | G26: =G25/1000000 -> 1256.64 | H26: =H25/1000000 -> 1256.64 | I26: =I25/1000000 -> 1256.64 | J26: =J25/1000000 -> 1256.64 | ... N26: =N25/1000000 -> 1256.64 | O26: km2
A27: Average volume per person | C27: =C20/C24/2 -> 218.41748 | D27: =D20/D24/2 -> 1064.937 | E27: =E20/E24/2 -> 2022.74 | F27: =F20/F24/2 -> -7628.4691 | G27: =G20/G24/2 -> -5346.0107 | H27: =H20/H24/2 -> -3100.5126 | I27: =I20/I24/2 -> -893.83146 | J27: =J20/J24/2 -> 10297.169 | ... N27: =N20/N24/2 -> 96435.948 | O27: m3
A28: Floor Space per person at 2.5 m ceiling | C28: =C27/2.5 -> 87.366994 | D28: =D27/2.5 -> 425.97478 | E28: =E27/2.5 -> 809.096 | F28: =F27/2.5 -> -3051.3876 | G28: =G27/2.5 -> -2138.4043 | H28: =H27/2.5 -> -1240.205 | I28: =I27/2.5 -> -357.53258 | J28: =J27/2.5 -> 4118.8675 | ... N28: =N27/2.5 -> 38574.379 | O28: m2
A29: Total Mass of People | C29: =SUM(C24*62)/1000 -> 3.1 | D29: =SUM(D24*62)/1000 -> 620 | E29: =SUM(E24*62)/1000 -> 620.062 | F29: =SUM(F24*62)/1000 -> 6200000 | G29: =SUM(G24*62)/1000 -> 6200000.1 | H29: =SUM(H24*62)/1000 -> 6200000.1 | I29: =SUM(I24*62)/1000 -> 6200000.2 | J29: =SUM(J24*62)/1000 -> 6200000.2 | ... N29: =SUM(N24*62)/1000 -> 6200000.5 | O29: Ton
A31: Manufacturing Process
A33: Print Speed | C33: 15.5 | D33: 50 | E33: 70 | F33: 100 | G33: 122 | H33: 140 | I33: 157 | J33: 222 | K33: 315 | L33: 382 | M33: 445 | N33: 495 | O33: m/s
A34: Nozzle Diameter | C34: 4 | D34: 100 | E34: 100 | F34: 2000 | G34: 2000 | H34: 2000 | I34: 2000 | J34: 2000 | K34: 2000 | L34: 2000 | M34: 2000 | N34: 2000 | O34: mm
A35: Print Depth | C35: 2 | D35: 20 | E35: 20 | F35: 1000 | G35: 1000 | H35: 1000 | I35: 1000 | J35: 1000 | K35: 1000 | L35: 1000 | M35: 1000 | N35: 1000 | O35: mm
A36: Nozzle volumetric flow rate | C36: =SUM(C34*C33*C35) -> 124 | D36: =SUM(D34*D33*D35) -> 100000 | E36: =SUM(E34*E33*E35) -> 140000 | F36: =SUM(F34*F33*F35) -> 200000000 | G36: =SUM(G34*G33*G35) -> 244000000 | H36: =SUM(H34*H33*H35) -> 280000000 | I36: =SUM(I34*I33*I35) -> 314000000 | J36: =SUM(J34*J33*J35) -> 444000000 | ... N36: =SUM(N34*N33*N35) -> 990000000 | O36: cm3/s
A37: Rotational Speed | C37: =C33*60/(3.1416*C5) -> 2.960275 | D37: =D33*60/(3.1416*D5) -> 0.95492743 | E37: =E33*60/(3.1416*E5) -> 0.6684492 | F37: =F33*60/(3.1416*F5) -> 0.47746371 | G37: =G33*60/(3.1416*G5) -> 0.38833715 | H37: =H33*60/(3.1416*H5) -> 0.3342246 | I37: =I33*60/(3.1416*I5) -> 0.29984721 | J37: =J33*60/(3.1416*J5) -> 0.21199389 | ... N37: =N33*60/(3.1416*N5) -> 0.094537815 | O37: RPM
A38: G-force outer edge (RCF) | C38: =C37*C37*1.118*0.001*(C5/2) -> 0.48986446 | D38: =D37*D37*1.118*0.001*(D5/2) -> 0.50974449 | E38: =E37*E37*1.118*0.001*(E5/2) -> 0.4995496 | F38: =F37*F37*1.118*0.001*(F5/2) -> 0.50974449 | G38: =G37*G37*1.118*0.001*(G5/2) -> 0.50580247 | H38: =H37*H37*1.118*0.001*(H5/2) -> 0.4995496 | I38: =I37*I37*1.118*0.001*(I5/2) -> 0.50258768 | J38: =J37*J37*1.118*0.001*(J5/2) -> 0.50244495 | ... N38: =N37*N37*1.118*0.001*(N5/2) -> 0.49960058
A39: Number of Print Head Nozzles | C39: 4 | D39: 16 | F39: 1000 | G39: 1001 | H39: 1002 | I39: 1003 | J39: 1004 | K39: 1005 | L39: 1006 | M39: 1007 | N39: 1008
A40: Flow Rate per Nozzles | C40: =C41/C39 -> 0.33542 | D40: =D41/D39 -> 284 | F40: =F41/F39 -> 568000 | G40: =G41/G39 -> 0 | H40: =H41/H39 -> 0 | I40: =I41/I39 -> 0 | J40: =J41/J39 -> 255300 | K40: =K41/K39 -> 94500 | L40: =L41/L39 -> 114600 | M40: =M41/M39 -> 0 | N40: =N41/N39 -> 0
A41: Flow Rate All Nozzles | C41: =SUM(C36*C51*C39)/1000000 -> 1.34168 | D41: =SUM(D36*D51*D39)/1000000 -> 4544 | F41: =SUM(F36*F51*F39)/1000000 -> 568000000 | G41: =SUM(G36*G51*G39)/1000000 -> 0 | H41: =SUM(H36*H51*H39)/1000000 -> 0 | I41: =SUM(I36*I51*I39)/1000000 -> 0 | J41: =SUM(J36*J51*J39)/1000000 -> 256321200 | K41: =SUM(K36*K51*K39)/1000000 -> 94972500 | L41: =SUM(L36*L51*L39)/1000000 -> 115287600 | M41: =SUM(M36*M51*M39)/1000000 -> 0 | N41: =SUM(N36*N51*N39)/1000000 -> 0
A42: Flow Rate All Nozzles | C42: =C41/1000 -> 0.00134168 | D42: =D41/1000 -> 4.544 | F42: =F41/1000 -> 568000 | G42: =G41/1000 -> 0 | H42: =H41/1000 -> 0 | I42: =I41/1000 -> 0 | J42: =J41/1000 -> 256321.2 | K42: =K41/1000 -> 94972.5 | L42: =L41/1000 -> 115287.6 | M42: =M41/1000 -> 0 | N42: =N41/1000 -> 0
A43: Print Efficiency | C43: 0.9 | D43: 0.9 | F43: 0.9 | G43: 1.9 | H43: 2.9 | I43: 3.9 | J43: 4.9 | K43: 5.9 | L43: 6.9 | M43: 7.9 | N43: 8.9
A44: Number of Complete Revolutions | C44: =C12/(C34*C35/1000)/1000 -> 1.5349429 | D44: =D12/(D34*D35/1000)/1000 -> 1.5342573 | F44: =F12/(F34*F35/1000)/1000 -> 0.87857492 | G44: =G12/(G34*G35/1000)/1000 -> 1.4844007 | H44: =H12/(H34*H35/1000)/1000 -> 2.2083786 | I44: =I12/(I34*I35/1000)/1000 -> 3.0565025 | J44: =J12/(J34*J35/1000)/1000 -> 6.7306961 | K44: =K12/(K34*K35/1000)/1000 -> 14.731777 | L44: =L12/(L34*L35/1000)/1000 -> 24.055534 | M44: =M12/(M34*M35/1000)/1000 -> 34.761962 | N44: =N12/(N34*N35/1000)/1000 -> 46.911055
A45: Print Time | C45: =((C44*1000)/C37)/60/24/C39/C43*1000 -> 100.02192 | D45: =((D44*1000)/D37)/60/24/D39/D43*1000 -> 77.482361 | F45: =((F44*1000)/F37)/60/24/F39/F43*1000 -> 1.4198205 | G45: =((G44*1000)/G37)/60/24/G39/G43*1000 -> 1.3956999 | H45: =((H44*1000)/H37)/60/24/H39/H43*1000 -> 1.5790901 | I45: =((I44*1000)/I37)/60/24/I39/I43*1000 -> 1.8096589 | J45: =((J44*1000)/J37)/60/24/J39/J43*1000 -> 4.4817163 | K45: =((K44*1000)/K37)/60/24/K39/K43*1000 -> 11.47159 | L45: =((L44*1000)/L37)/60/24/L39/L43*1000 -> 19.792149 | M45: =((M44*1000)/M37)/60/24/M39/M43*1000 -> 28.563725 | N45: =((N44*1000)/N37)/60/24/N39/N43*1000 -> 38.411088
A46: Print Time | C46: =SUM(C45)/365 -> 0.27403265 | D46: =SUM(D45)/365 -> 0.21228044 | F46: =SUM(F45)/365 -> 0.0038899191 | G46: =SUM(G45)/365 -> 0.0038238353 | H46: =SUM(H45)/365 -> 0.0043262742 | I46: =SUM(I45)/365 -> 0.0049579695 | J46: =SUM(J45)/365 -> 0.012278675 | K46: =SUM(K45)/365 -> 0.031429015 | L46: =SUM(L45)/365 -> 0.054225067 | M46: =SUM(M45)/365 -> 0.07825678 | N46: =SUM(N45)/365 -> 0.10523586
A48: Material Requirements
A50: Main Structure Material
A51: Material Density | C51: ='Materials Properties'!E23 -> 2705 | D51: ='Materials Properties'!F23 -> 2840 | F51: ='Materials Properties'!G23 -> 2840 | G51: ='Materials Properties'!H23 -> 0 | H51: ='Materials Properties'!I23 -> 0 | I51: ='Materials Properties'!J23 -> 0 | J51: ='Materials Properties'!K23 -> 575 | K51: ='Materials Properties'!L23 -> 150 | L51: ='Materials Properties'!M23 -> 150 | M51: ='Materials Properties'!N23 -> 0 | N51: ='Materials Properties'!O23 -> 0
A52: Wall Design Density | C52: 0.5 | D52: 1 | F52: 1 | G52: 2 | H52: 3 | I52: 4 | J52: 5 | K52: 6 | L52: 7 | M52: 8 | N52: 9
A53: Total Mass | C53: =SUM(C22)*C51/1000*C52 -> 493.6156 | D53: =SUM(D22)*D51/1000*D52 -> 2578648.1 | F53: =SUM(F22)*F51/1000*F52 -> 1.284993e+11 | G53: =SUM(G22)*G51/1000*G52 -> 0 | H53: =SUM(H22)*H51/1000*H52 -> 0 | I53: =SUM(I22)*I51/1000*I52 -> 0 | J53: =SUM(J22)*J51/1000*J52 -> 1.172939e+12 | K53: =SUM(K22)*K51/1000*K52 -> 8.1736092e+11 | L53: =SUM(L22)*L51/1000*L52 -> 1.5655828e+12 | M53: =SUM(M22)*M51/1000*M52 -> 0 | N53: =SUM(N22)*N51/1000*N52 -> 0
A54: Proportion of moon | C54: =C53/POWER(7.33,22) -> 4.582489e-17 | D54: =D53/POWER(7.33,22) -> 2.3938924e-13 | F54: =F53/POWER(7.33,22) -> 1.1929255e-08 | G54: =G53/POWER(7.33,22) -> 0 | H54: =H53/POWER(7.33,22) -> 0 | I54: =I53/POWER(7.33,22) -> 0 | J54: =J53/POWER(7.33,22) -> 1.0889e-07 | K54: =K53/POWER(7.33,22) -> 7.5879844e-08 | L54: =L53/POWER(7.33,22) -> 1.4534115e-07 | M54: =M53/POWER(7.33,22) -> 0 | N54: =N53/POWER(7.33,22) -> 0
A55: Raw Materials Production Rate | C55: =C53/C45 -> 4.9350743 | D55: =D53/D45 -> 33280.453 | F55: =F53/F45 -> 9.0503905e+10 | G55: =G53/G45 -> 0 | H55: =H53/H45 -> 0 | I55: =I53/I45 -> 0 | J55: =J53/J45 -> 2.6171648e+11 | K55: =K53/K45 -> 7.1250881e+10 | L55: =L53/L45 -> 7.9101202e+10 | M55: =M53/M45 -> 0 | N55: =N53/N45 -> 0
A56: Falcon Heavy Lifts | C56: =SUM(C53/64) -> 7.7127437 | D56: =SUM(D53/64) -> 40291.376 | F56: =SUM(F53/64) -> 2.0078015e+09 | G56: =SUM(G53/64) -> 0 | H56: =SUM(H53/64) -> 0 | I56: =SUM(I53/64) -> 0 | J56: =SUM(J53/64) -> 1.8327172e+10 | K56: =SUM(K53/64) -> 1.2771264e+10 | L56: =SUM(L53/64) -> 2.4462231e+10 | M56: =SUM(M53/64) -> 0 | N56: =SUM(N53/64) -> 0
A57: Launch Cost | C57: 150 | D57: 150 | F57: 150 | G57: 151 | H57: 152 | I57: 153 | J57: 154 | K57: 155 | L57: 156 | M57: 157 | N57: 158
A58: Lifts frequency | C58: =SUM(365/(C56/C46)) -> 12.968396 | D58: =SUM(365/(D56/D46)) -> 0.0019230508 | F58: =SUM(365/(F56/F46)) -> 7.0715181e-10 | G58: =SUM(365/(G56/G46)) -> #DIV/0! | H58: =SUM(365/(H56/H46)) -> #DIV/0! | I58: =SUM(365/(I56/I46)) -> #DIV/0! | J58: =SUM(365/(J56/J46)) -> 2.4453943e-10 | K58: =SUM(365/(K56/K46)) -> 8.9823451e-10 | L58: =SUM(365/(L56/L46)) -> 8.0909011e-10 | M58: =SUM(365/(M56/M46)) -> #DIV/0! | N58: =SUM(365/(N56/N46)) -> #DIV/0!
A59: Lift Cost | C59: =SUM(C56*C57/1000) -> 1.1569116 | D59: =SUM(D56*D57/1000) -> 6043.7064 | F59: =SUM(F56*F57/1000) -> 3.0117023e+08 | G59: =SUM(G56*G57/1000) -> 0 | H59: =SUM(H56*H57/1000) -> 0 | I59: =SUM(I56*I57/1000) -> 0 | J59: =SUM(J56*J57/1000) -> 2.8223845e+09 | K59: =SUM(K56*K57/1000) -> 1.979546e+09 | L59: =SUM(L56*L57/1000) -> 3.8161081e+09 | M59: =SUM(M56*M57/1000) -> 0 | N59: =SUM(N56*N57/1000) -> 0
A61: Power Requirements
A63: Melt Energy | C63: ='Materials Properties'!K$23*3600/1000000 -> 2.07 | D63: ='Materials Properties'!L$23*3600/1000000 -> 0.54 | F63: ='Materials Properties'!M$23*3600/1000000 -> 0.54 | G63: ='Materials Properties'!N$23*3600/1000000 -> 0 | H63: ='Materials Properties'!O$23*3600/1000000 -> 0 | I63: ='Materials Properties'!P$23*3600/1000000 -> 0 | J63: ='Materials Properties'!Q$23*3600/1000000 -> 0 | K63: ='Materials Properties'!R$23*3600/1000000 -> 0 | L63: ='Materials Properties'!S$23*3600/1000000 -> 0 | M63: ='Materials Properties'!T$23*3600/1000000 -> 0 | N63: ='Materials Properties'!U$23*3600/1000000 -> 0
A64: Total Energy | C64: =SUM(C53*C63) -> 1021.7843 | D64: =SUM(D53*D63) -> 1392470 | F64: =SUM(F53*F63) -> 6.938962e+10 | G64: =SUM(G53*G63) -> 0 | H64: =SUM(H53*H63) -> 0 | I64: =SUM(I53*I63) -> 0 | J64: =SUM(J53*J63) -> 0 | K64: =SUM(K53*K63) -> 0 | L64: =SUM(L53*L63) -> 0 | M64: =SUM(M53*M63) -> 0 | N64: =SUM(N53*N63) -> 0
A65: Process Efficiency | C65: 0.7 | D65: 0.7 | F65: 0.7 | G65: 1.7 | H65: 2.7 | I65: 3.7 | J65: 4.7 | K65: 5.7 | L65: 6.7 | M65: 7.7 | N65: 8.7
A66: Continuous Power | C66: =C63*1000*C41/C65 -> 3967.5394 | D66: =D63*1000*D41/D65 -> 3505371.4 | F66: =F63*1000*F41/F65 -> 4.3817143e+11 | G66: =G63*1000*G41/G65 -> 0 | H66: =H63*1000*H41/H65 -> 0 | I66: =I63*1000*I41/I65 -> 0 | J66: =J63*1000*J41/J65 -> 0 | K66: =K63*1000*K41/K65 -> 0 | L66: =L63*1000*L41/L65 -> 0 | M66: =M63*1000*M41/M65 -> 0 | N66: =N63*1000*N41/N65 -> 0
A67: Solar energy in orbit | C67: 1365 | D67: 1365 | F67: 1365 | G67: 1366 | H67: 1367 | I67: 1368 | J67: 1369 | K67: 1370 | L67: 1371 | M67: 1372 | N67: 1373
A68: Panel Efficiency | C68: 0.4 | D68: 0.4 | F68: 0.4 | G68: 1.4 | H68: 2.4 | I68: 3.4 | J68: 4.4 | K68: 5.4 | L68: 6.4 | M68: 7.4 | N68: 8.4
A69: Theoretical Minimum Panel Size | C69: =SUM(C66/C67)*1000/C68 -> 7266.5557 | D69: =SUM(D66/D67)*1000/D68 -> 6420094.2 | F69: =SUM(F66/F67)*1000/F68 -> 8.0251177e+11 | G69: =SUM(G66/G67)*1000/G68 -> 0 | H69: =SUM(H66/H67)*1000/H68 -> 0 | I69: =SUM(I66/I67)*1000/I68 -> 0 | J69: =SUM(J66/J67)*1000/J68 -> 0 | K69: =SUM(K66/K67)*1000/K68 -> 0 | L69: =SUM(L66/L67)*1000/L68 -> 0 | M69: =SUM(M66/M67)*1000/M68 -> 0 | N69: =SUM(N66/N67)*1000/N68 -> 0
A70: Square Sides | C70: =SQRT(C69) -> 85.244095 | D70: =SQRT(D69) -> 2533.7905 | F70: =SQRT(F69) -> 895830.21 | G70: =SQRT(G69) -> 0 | H70: =SQRT(H69) -> 0 | I70: =SQRT(I69) -> 0 | J70: =SQRT(J69) -> 0 | K70: =SQRT(K69) -> 0 | L70: =SQRT(L69) -> 0 | M70: =SQRT(M69) -> 0 | N70: =SQRT(N69) -> 0
A71: Diameter | C71: =SQRT(C69*4/3.14) -> 96.212052 | D71: =SQRT(D69*4/3.14) -> 2859.8014 | F71: =SQRT(F69*4/3.14) -> 1011092.5 | G71: =SQRT(G69*4/3.14) -> 0 | H71: =SQRT(H69*4/3.14) -> 0 | I71: =SQRT(I69*4/3.14) -> 0 | J71: =SQRT(J69*4/3.14) -> 0 | K71: =SQRT(K69*4/3.14) -> 0 | L71: =SQRT(L69*4/3.14) -> 0 | M71: =SQRT(M69*4/3.14) -> 0 | N71: =SQRT(N69*4/3.14) -> 0
A72: Panel Size Using ISS panel size / power ratio | C72: =C66/#REF!*#REF!/C65 -> #REF! | D72: =D66/#REF!*#REF!/D65 -> #REF! | F72: =F66/#REF!*#REF!/F65 -> #REF! | G72: =G66/#REF!*#REF!/G65 -> #REF! | H72: =H66/#REF!*#REF!/H65 -> #REF! | I72: =I66/#REF!*#REF!/I65 -> #REF! | J72: =J66/#REF!*#REF!/J65 -> #REF! | K72: =K66/#REF!*#REF!/K65 -> #REF! | L72: =L66/#REF!*#REF!/L65 -> #REF! | M72: =M66/#REF!*#REF!/M65 -> #REF! | N72: =N66/#REF!*#REF!/N65 -> #REF!
A73: Square Sides | C73: =SQRT(C72) -> #REF! | D73: =SQRT(D72) -> #REF! | F73: =SQRT(F72) -> #REF! | G73: =SQRT(G72) -> #REF! | H73: =SQRT(H72) -> #REF! | I73: =SQRT(I72) -> #REF! | J73: =SQRT(J72) -> #REF! | K73: =SQRT(K72) -> #REF! | L73: =SQRT(L72) -> #REF! | M73: =SQRT(M72) -> #REF! | N73: =SQRT(N72) -> #REF!
A74: Diameter | C74: =SQRT(C72*4/3.14) -> #REF! | D74: =SQRT(D72*4/3.14) -> #REF! | F74: =SQRT(F72*4/3.14) -> #REF! | G74: =SQRT(G72*4/3.14) -> #REF! | H74: =SQRT(H72*4/3.14) -> #REF! | I74: =SQRT(I72*4/3.14) -> #REF! | J74: =SQRT(J72*4/3.14) -> #REF! | K74: =SQRT(K72*4/3.14) -> #REF! | L74: =SQRT(L72*4/3.14) -> #REF! | M74: =SQRT(M72*4/3.14) -> #REF! | N74: =SQRT(N72*4/3.14) -> #REF!
A76: Value to be entered
A77: Value from external source
A78: Calculated Value
C84: =C5 -> 100 | D84: =D5 -> 1000 | E84: =E5 -> 2000 | F84: =F5 -> 4000 | G84: =G5 -> 6000 | H84: =H5 -> 8000 | I84: =I5 -> 10000 | J84: =J5 -> 20000 | ... N84: =N5 -> 100000
C85: =C33 -> 15.5 | D85: =D33 -> 50 | E85: =E33 -> 70 | F85: =F33 -> 100 | G85: =G33 -> 122 | H85: =H33 -> 140 | I85: =I33 -> 157 | J85: =J33 -> 222 | ... N85: =N33 -> 495
C87: 100 | D87: 1000 | E87: 2000 | F87: 4000 | G87: 6000 | H87: 8000 | I87: 10000 | J87: 20000 | K87: 40000 | L87: 60000 | M87: 80000 | N87: 100000
A88: 1 g at outer surface | C88: 23 | D88: 70 | E88: 100 | F88: 140 | G88: 172 | H88: 200 | I88: 225 | J88: 315 | K88: 450 | L88: 540 | M88: 625 | N88: 700
A89: 0.5 g at outer surface | C89: =C33 -> 15.5 | D89: =D33 -> 50 | E89: =E33 -> 70 | F89: =F33 -> 100 | G89: =G33 -> 122 | H89: =H33 -> 140 | I89: =I33 -> 157 | J89: =J33 -> 222 | ... N89: =N33 -> 495

Sheet Sheet7
B2: 100 | C2: 23
B3: 1000 | C3: 70
B4: 100000 | C4: 700

Sheet Chart Comparison
B1: Version 1 | C1: Version 2 | D1: Version 3 | H1: Version 1 | I1: Version 2 | J1: Version 3
A2: Wall Thickness | B2: ='Basic Calcs Comparison'!D8*100 -> 2 | C2: ='Basic Calcs Comparison'!E8*100 -> 50 | D2: ='Basic Calcs Comparison'!F8*100 -> 1000 | E2: cm | G2: Wall Thickness | H2: 2 | I2: 5 | J2: 10
A3: Print Time | B3: ='Basic Calcs Comparison'!D46 -> 8.4950122 | C3: ='Basic Calcs Comparison'!E46 -> 10.614022 | D3: ='Basic Calcs Comparison'!F46 -> 24.382675 | E3: years | G3: Print Time | H3: 1.0791824 | I3: 2.6836218 | J3: 5.3195182
A5: Wall Thickness | B5: =B2 -> 2 | C5: =C2 -> 50 | D5: =D2 -> 1000
A6: Falcon Heavy Lifts | B6: ='Basic Calcs Comparison'!D56 -> 7.7127437 | C6: ='Basic Calcs Comparison'!E56 -> 40291.376 | D6: ='Basic Calcs Comparison'!F56 -> 2.9902291e+08
A8: Total Print Volume | B8: ='Basic Calcs Comparison'!D22 -> 364.96532 | C8: ='Basic Calcs Comparison'!E22 -> 907974.68 | D8: ='Basic Calcs Comparison'!F22 -> 1.3477089e+10 | E8: m3
A9: People on Board | B9: ='Basic Calcs Comparison'!D24 -> 50 | C9: ='Basic Calcs Comparison'!E24 -> 10000 | D9: ='Basic Calcs Comparison'!F24 -> 100000000
A10: Average volume per person | B10: ='Basic Calcs Comparison'!D27 -> 218.41748 | C10: ='Basic Calcs Comparison'!E27 -> 1064.937 | D10: ='Basic Calcs Comparison'!F27 -> 43.648125 | E10: m3
A11: Total Mass | B11: ='Basic Calcs Comparison'!D53 -> 493.6156 | C11: ='Basic Calcs Comparison'!E53 -> 2578648.1 | D11: ='Basic Calcs Comparison'!F53 -> 1.9137466e+10 | E11: Tonnes
A13: Lifts frequency | B13: ='Basic Calcs Comparison'!D58 -> 402.02029 | C13: ='Basic Calcs Comparison'!E58 -> 0.096152538 | D13: ='Basic Calcs Comparison'!F58 -> 2.9762524e-05 | E13: days
A15: Continuous Power | B15: ='Basic Calcs Comparison'!D66 -> 127.98514 | C15: ='Basic Calcs Comparison'!E66 -> 70107.429 | D15: ='Basic Calcs Comparison'!F66 -> 4.3817143e+08 | E15: kW
A16: Theroretical Minimum Panel Size | B16: ='Basic Calcs Comparison'!D69 -> 234.40502 | C16: ='Basic Calcs Comparison'!E69 -> 128401.88 | D16: ='Basic Calcs Comparison'!F69 -> 8.0251177e+08 | E16: m2

Sheet Materials Properties
E1: 1 | F1: 2 | G1: 3 | H1: Material | I1: Density kg/m3 | J1: Notes / Source | N1: Melt Energy kWhrs/ton | O1: Notes / Source
A2: 1 | B2: 2 | C2: 1 | D2: 1 | E2: =IF(B2=A2,I2,"") | F2: =IF(C2=A2,I2,"") -> 2840 | G2: =IF(D2=A2,I2,"") -> 2840 | H2: Moon Rock | I2: 2840 | J2: http://www.psrd.hawaii.edu/CosmoSparks/July12/Lunar-rock-densities.html | K2: =IF(A2=B2,N2,"") | L2: =IF(C2=A2,N2,"") -> 150 | M2: =IF(D2=A2,N2,"") -> 150 | N2: 150 | O2: Assumed to be that of substrate material. Estimate only
A3: 2 | B3: =B2 -> 2 | C3: =C2 -> 1 | D3: =D2 -> 1 | E3: =IF(B3=A3,I3,"") -> 2705 | F3: =IF(C3=A3,I3,"") | G3: =IF(D3=A3,I3,"") | H3: Auminium | I3: 2705 | J3: https://theengineeringmindset.com/density-of-metals/ | K3: =IF(A3=B3,N3,"") -> 575 | L3: =IF(C3=A3,N3,"") | M3: =IF(D3=A3,N3,"") | N3: 575 | O3: https://electroheatinduction.com/how-to-calculate-electricity-cost-for-melting-metal-in-induction-melting-furnace/
A4: 3 | B4: =B3 -> 2 | C4: =C3 -> 1 | D4: =D3 -> 1 | E4: =IF(B4=A4,I4,"") | F4: =IF(C4=A4,I4,"") | G4: =IF(D4=A4,I4,"") | H4: Steel | I4: 7850 | J4: https://theengineeringmindset.com/density-of-metals/ | K4: =IF(A4=B4,N4,"") | L4: =IF(C4=A4,N4,"") | M4: =IF(D4=A4,N4,"") | N4: 600 | O4: https://electroheatinduction.com/how-to-calculate-electricity-cost-for-melting-metal-in-induction-melting-furnace/
A5: 4 | B5: =B4 -> 2 | C5: =C4 -> 1 | D5: =D4 -> 1 | E5: =IF(B5=A5,I5,"") | F5: =IF(C5=A5,I5,"") | G5: =IF(D5=A5,I5,"") | H5: High Impact ABS | I5: 1100 | J5: https://omnexus.specialchem.com/polymer-properties/properties/density | K5: =IF(A5=B5,N5,"") | L5: =IF(C5=A5,N5,"") | M5: =IF(D5=A5,N5,"") | N5: =0.00029307*342*1000 -> 100.22994 | O5: https://www.ptonline.com/articles/injection-molding-#:~:text=A%20kilogram%20of%20a%20semi-crystalline%20resin%2C%20such%20as,vs.%20342%29%2C%20yet%20their%20processing%20temperatures%20are%20similar.
A6: 5 | B6: =B5 -> 2 | C6: =C5 -> 1 | D6: =D5 -> 1 | E6: =IF(B6=A6,I6,"") | F6: =IF(C6=A6,I6,"") | G6: =IF(D6=A6,I6,"") | H6: Add to table | K6: =IF(A6=B6,N6,"") | L6: =IF(C6=A6,N6,"") | M6: =IF(D6=A6,N6,"")
A7: 6 | B7: =B6 -> 2 | C7: =C6 -> 1 | D7: =D6 -> 1 | E7: =IF(B7=A7,I7,"") | F7: =IF(C7=A7,I7,"") | G7: =IF(D7=A7,I7,"") | H7: Add to table | K7: =IF(A7=B7,N7,"") | L7: =IF(C7=A7,N7,"") | M7: =IF(D7=A7,N7,"")
A8: 7 | B8: =B7 -> 2 | C8: =C7 -> 1 | D8: =D7 -> 1 | E8: =IF(B8=A8,I8,"") | F8: =IF(C8=A8,I8,"") | G8: =IF(D8=A8,I8,"") | H8: Add to table | K8: =IF(A8=B8,N8,"") | L8: =IF(C8=A8,N8,"") | M8: =IF(D8=A8,N8,"")
A9: 8 | B9: =B8 -> 2 | C9: =C8 -> 1 | D9: =D8 -> 1 | E9: =IF(B9=A9,I9,"") | F9: =IF(C9=A9,I9,"") | G9: =IF(D9=A9,I9,"") | H9: Add to table | K9: =IF(A9=B9,N9,"") | L9: =IF(C9=A9,N9,"") | M9: =IF(D9=A9,N9,"")
A10: 9 | B10: =B9 -> 2 | C10: =C9 -> 1 | D10: =D9 -> 1 | E10: =IF(B10=A10,I10,"") | F10: =IF(C10=A10,I10,"") | G10: =IF(D10=A10,I10,"") | H10: Add to table | K10: =IF(A10=B10,N10,"") | L10: =IF(C10=A10,N10,"") | M10: =IF(D10=A10,N10,"")
A11: 10 | B11: =B10 -> 2 | C11: =C10 -> 1 | D11: =D10 -> 1 | E11: =IF(B11=A11,I11,"") | F11: =IF(C11=A11,I11,"") | G11: =IF(D11=A11,I11,"") | H11: Add to table | K11: =IF(A11=B11,N11,"") | L11: =IF(C11=A11,N11,"") | M11: =IF(D11=A11,N11,"")
A12: 11 | B12: =B11 -> 2 | C12: =C11 -> 1 | D12: =D11 -> 1 | E12: =IF(B12=A12,I12,"") | F12: =IF(C12=A12,I12,"") | G12: =IF(D12=A12,I12,"") | H12: Add to table | K12: =IF(A12=B12,N12,"") | L12: =IF(C12=A12,N12,"") | M12: =IF(D12=A12,N12,"")
A13: 12 | B13: =B12 -> 2 | C13: =C12 -> 1 | D13: =D12 -> 1 | E13: =IF(B13=A13,I13,"") | F13: =IF(C13=A13,I13,"") | G13: =IF(D13=A13,I13,"") | H13: Add to table | K13: =IF(A13=B13,N13,"") | L13: =IF(C13=A13,N13,"") | M13: =IF(D13=A13,N13,"")
A14: 13 | B14: =B13 -> 2 | C14: =C13 -> 1 | D14: =D13 -> 1 | E14: =IF(B14=A14,I14,"") | F14: =IF(C14=A14,I14,"") | G14: =IF(D14=A14,I14,"") | H14: Add to table | K14: =IF(A14=B14,N14,"") | L14: =IF(C14=A14,N14,"") | M14: =IF(D14=A14,N14,"")
A15: 14 | B15: =B14 -> 2 | C15: =C14 -> 1 | D15: =D14 -> 1 | E15: =IF(B15=A15,I15,"") | F15: =IF(C15=A15,I15,"") | G15: =IF(D15=A15,I15,"") | H15: Add to table | K15: =IF(A15=B15,N15,"") | L15: =IF(C15=A15,N15,"") | M15: =IF(D15=A15,N15,"")
A16: 15 | B16: =B15 -> 2 | C16: =C15 -> 1 | D16: =D15 -> 1 | E16: =IF(B16=A16,I16,"") | F16: =IF(C16=A16,I16,"") | G16: =IF(D16=A16,I16,"") | H16: Add to table | K16: =IF(A16=B16,N16,"") | L16: =IF(C16=A16,N16,"") | M16: =IF(D16=A16,N16,"")
A17: 16 | B17: =B16 -> 2 | C17: =C16 -> 1 | D17: =D16 -> 1 | E17: =IF(B17=A17,I17,"") | F17: =IF(C17=A17,I17,"") | G17: =IF(D17=A17,I17,"") | H17: Add to table | K17: =IF(A17=B17,N17,"") | L17: =IF(C17=A17,N17,"") | M17: =IF(D17=A17,N17,"")
... A21: 20 | B21: =B20 -> 2 | C21: =C20 -> 1 | D21: =D20 -> 1 | E21: =IF(B21=A21,I21,"") | F21: =IF(C21=A21,I21,"") | G21: =IF(D21=A21,I21,"") | H21: Add to table | K21: =IF(A21=B21,N21,"") | L21: =IF(C21=A21,N21,"") | M21: =IF(D21=A21,N21,"")
E23: =SUM(E2:E21) -> 2705 | F23: =SUM(F2:F21) -> 2840 | G23: =SUM(G2:G21) -> 2840 | K23: =SUM(K2:K21) -> 575 | L23: =SUM(L2:L21) -> 150 | M23: =SUM(M2:M21) -> 150

Sheet Basic Calcs
A1: Dimensions
C2: Units | D2: Version 1 | E2: Version 2 | F2: Version 3 | G2: ISS | H2: Notes / Source | I2: Source
A3: Outer Diameter | B3: D1 | C3: m | D3: 100 | E3: 1000 | F3: 100000 | G3: 73 | H3: Inside diameter of the Seed Ring. ISS dimension relates to maximum length | I3: https://en.wikipedia.org/wiki/Electrical_system_of_the_International_Space_Station
A4: Section Outer Diameter | B4: d1 | C4: m | D4: 10 | E4: 100 | F4: 10000 | H4: Outside diamter of the section - for the purposes of simplicity assumed to be circular
A5: Inner Diameter | B5: D2 | C5: m | D5: =SUM(D3-(2*D4)) -> 80 | E5: =SUM(E3-(2*E4)) -> 800 | F5: =SUM(F3-(2*F4)) -> 80000
A6: Wall Thickness | B6: l1 | C6: m | D6: 0.05 | E6: 0.2 | F6: 1
A7: Outer Torus Volume | B7: V1 | C7: m3 | D7: =SUM(3.1416*3.1416)*(D3/2+D5/2)*(D3/2-D5/2)*(D3/2-D5/2)/4 -> 22206.714 | E7: =SUM(3.1416*3.1416)*(E3/2+E5/2)*(E3/2-E5/2)*(E3/2-E5/2)/4 -> 22206714 | F7: =SUM(3.1416*3.1416)*(F3/2+F5/2)*(F3/2-F5/2)*(F3/2-F5/2)/4 -> 22206713760000
A8: Inside Torus Outer Diameter | C8: m | D8: =D3-(D6*2) -> 99.9 | E8: =E3-(E6*2) -> 999.6 | F8: =F3-(F6*2) -> 99998
A9: Inside Torus Inner Diameter | C9: m | D9: =D5+(D6*2) -> 80.1 | E9: =E5+(E6*2) -> 800.4 | F9: =F5+(F6*2) -> 80002
A10: Inside Torus Volume | C10: m3 | D10: =SUM(3.1416*3.1416)*(D8/2+D9/2)*(D8/2-D9/2)*(D8/2-D9/2)/4 -> 21764.8 | E10: =SUM(3.1416*3.1416)*(E8/2+E9/2)*(E8/2-E9/2)*(E8/2-E9/2)/4 -> 22029415 | F10: =SUM(3.1416*3.1416)*(F8/2+F9/2)*(F8/2-F9/2)*(F8/2-F9/2)/4 -> 2.2197832e+13 | H10: Layer thickness
A11: Torus Shell Volume | C11: m3 | D11: =SUM(D7-D10) -> 441.9136 | E11: =SUM(E7-E10) -> 177298.4 | F11: =SUM(F7-F10) -> 8.8817972e+09
A12: Central floor Volume | C12: m3 | D12: =(3.1416*D6*D8*(D4-2*D6)) -> 155.35369 | E12: =(3.1416*E6/4*(E8*E8-(E9*E9))) -> 56322.605 | F12: =(3.1416*F6/4*(F8*F8-(F9*F9))) -> 2826874512 | H12: Volume associated with a ring shaped floor at the widest point wih a thickness equal to the outer wall
A13: Additional Print Volume | C13: % | D13: 4 | E13: 5 | F13: 6 | H13: For further inner floors / walls as a percentage of the central floor volume
A14: Additional Print Volume | C14: m3 | D14: =SUM(D13*D12)+D12 -> 776.76845 | E14: =SUM(E13*E12)+E12 -> 337935.63 | F14: =SUM(F13*F12)+F12 -> 19788121584
A15: Internal Volume | C15: m3 | D15: =D10-D14 -> 20988.032 | E15: =E10-E14 -> 21691480 | F15: =F10-F14 -> 2.2178044e+13 | G15: 932 | I15: https://www.nasa.gov/feature/facts-and-figures
A16: Total Print Volume | C16: m3 | D16: =D11+D14 -> 1218.6821 | E16: =E11+E14 -> 515234.03 | F16: =F11+F14 -> 2.8669919e+10
A17: People on Board | D17: 50 | E17: 100000 | F17: 50000000 | G17: 6
A18: Average volume per person | C18: m3 | D18: =D15/D17 -> 419.76063 | E18: =E15/E17 -> 216.9148 | F18: =F15/F17 -> 443560.88 | G18: =SUM(G15/G17) -> 155.33333
A20: Materials
A22: Main Structure Material
A23: Material Density | C23: kg/m3 | D23: ='Materials Table'!E23 -> 2705 | E23: ='Materials Table'!F23 -> 2840 | F23: ='Materials Table'!G23 -> 2840 | H23: From Table
A24: Wall Design Density | C24: % | D24: 0.75 | E24: 0.75 | F24: 0.75
A25: Total Mass | C25: Tonnes | D25: =SUM(D16)*D23/1000*D24 -> 2472.4012 | E25: =SUM(E16)*E23/1000*E24 -> 1097448.5 | F25: =SUM(F16)*F23/1000*F24 -> 6.1066927e+10 | G25: 420 | I25: https://www.nasa.gov/feature/facts-and-figures
A26: Falcon Heavy Lifts | D26: =SUM(D25/64) -> 38.631269 | E26: =SUM(E25/64) -> 17147.633 | F26: =SUM(F25/64) -> 9.5417074e+08 | H26: 64 Ton lift capacity
A27: Lifts frequency | C27: days | D27: =SUM(365/(D26/D42)) -> 25.355677 | E27: =SUM(365/(E26/E42)) -> 0.096601557 | F27: =SUM(365/(F26/F42)) -> 3.8640623e-06
A29: Manufacturing Process
A31: Print Speed | C31: m/s | D31: 0.5 | E31: 1 | F31: 1 | H31: How fast the printer head moves relative to the surface being printed
A32: Nozzle Diameter | C32: mm | D32: 4 | E32: 100 | F32: 2000 | H32: Current home 3D print speed. Aluminium extrusion in range of 5 - 50 m/min (0.08 - 0.8 m/s)
A33: Print Depth | C33: mm | D33: 2 | E33: 10 | F33: 500
A34: Nozzle volumetric flow rate | C34: cm3/s | D34: =SUM(D32*D31*D33) -> 4 | E34: =SUM(E32*E31*E33) -> 1000 | F34: =SUM(F32*F31*F33) -> 1000000
A35: Rotational Speed | C35: RPM | D35: =D31/(3.1416*D3)*60 -> 0.095492743 | E35: =E31/(3.1416*E3)*60 -> 0.019098549 | F35: =F31/(3.1416*F3)*60 -> 0.00019098549 | H35: Calculated from the print head speed at the outer diameter
A36: G-force outer edge (RCF) | D36: =D35*D35*1.118*0.001*(D3/2) -> 0.00050974449 | E36: =E35*E35*1.118*0.001*(E3/2) -> 0.0002038978 | F36: =F35*F35*1.118*0.001*(F3/2) -> 2.038978e-06
A37: Number of Print Heads | D37: 4 | E37: 4 | F37: 100 | H37: Number of nozzles for the main construction material - separate print head are assumed for other materials
A38: Flow Rate per Nozzles | C38: kg/s | D38: =D39/D37 -> 0.01082 | E38: =E39/E37 -> 2.84 | F38: =F39/F37 -> 2840
A39: Flow Rate All Nozzles | C39: kg/s | D39: =SUM(D34*D23*D37)/1000000 -> 0.04328 | E39: =SUM(E34*E23*E37)/1000000 -> 11.36 | F39: =SUM(F34*F23*F37)/1000000 -> 284000
A40: Print Efficiency | C40: % | D40: 0.9 | E40: 0.9 | F40: 0.9 | H40: Tme Printing vs Time Not Printing NOT INCLUDING wall design desity
A41: Print Time | C41: days | D41: =SUM(D25/D39)*1000/D40/D24/60/60/24 -> 979.52197 | E41: =SUM(E25/E39)*1000/E40/E24/60/60/24 -> 1656.488 | F41: =SUM(F25/F39)*1000/F40/F24/60/60/24 -> 3686.9752
A42: Print Time | C42: years | D42: =SUM(D41)/365 -> 2.6836218 | E42: =SUM(E41)/365 -> 4.5383233 | F42: =SUM(F41)/365 -> 10.101302
A44: Power Requirements
A46: Melt Energy | C46: GJ/ton | D46: ='Materials Table'!K$23*3600/1000000 -> 2.07 | E46: ='Materials Table'!L$23*3600/1000000 -> 0.54 | F46: ='Materials Table'!M$23*3600/1000000 -> 0.54
A47: Total Energy | C47: GJ | D47: =SUM(D25*D46) -> 5117.8705 | E47: =SUM(E25*E46) -> 592622.18 | F47: =SUM(F25*F46) -> 3.2976141e+10
A48: Continuous Power | C48: kW | D48: =SUM(D47/D41)*1000000/24/60/60 -> 60.47298 | E48: =SUM(E47/E41)*1000000/24/60/60 -> 4140.72 | F48: =SUM(F47/F41)*1000000/24/60/60 -> 1.03518e+08 | G48: 120 | H48: Calculated by diving the total energy required by the print time For additional comparison nuclear power station range up to 8 MW
A49: Solar energy in orbit | C49: W/m2 | D49: 1365 | E49: 1365 | F49: 1365 | I49: https://www.solarenspace.com/solaren-space-solar/ssp-overview/
A50: Panel Efficiency | C50: % | D50: 0.3 | E50: 0.35 | F50: 0.4
A51: Theroretical Minimum Panel Size | C51: m2 | D51: =SUM(D48/D49)*1000/D50 -> 147.67516 | E51: =SUM(E48/E49)*1000/E50 -> 8667.1272 | F51: =SUM(F48/F49)*1000/F50 -> 1.8959341e+08 | G51: 2500 | I51: https://www.nasa.gov/mission_pages/station/structure/elements/solar_arrays-about.html
A52: Square Sides | C52: m | D52: =SQRT(D51) -> 12.152167 | E52: =SQRT(E51) -> 93.097407 | F52: =SQRT(F51) -> 13769.292 | G52: =SQRT(G51) -> 50 | H52: Dimensions of square panel
A53: Diameter | C53: m | D53: =SQRT(D51*4/3.14) -> 13.715729 | E53: =SQRT(E51*4/3.14) -> 105.07581 | F53: =SQRT(F51*4/3.14) -> 15540.922 | G53: =SQRT(G51*4/3.14) -> 56.433265 | H53: Equivalent size of the circular panel
A54: Panel Size Using ISS panel size / power ratio | C54: m2 | D54: =D48/$G48*$G51 -> 1259.8538 | E54: =E48/$G48*$G51 -> 86265 | F54: =F48/$G48*$G51 -> 2.156625e+09
A55: Square Sides | C55: m | D55: =SQRT(D54) -> 35.494419 | E55: =SQRT(E54) -> 293.70904 | F55: =SQRT(F54) -> 46439.477
A56: Diameter | C56: m | D56: =SQRT(D54*4/3.14) -> 40.061318 | E56: =SQRT(E54*4/3.14) -> 331.4992 | F56: =SQRT(F54*4/3.14) -> 52414.626

Sheet Materials Table
E1: 1 | F1: 2 | G1: 3 | H1: Material | I1: Density kg/m3 | J1: Notes / Source | N1: Melt Energy kWhrs/ton | O1: Notes / Source
A2: 1 | B2: 2 | C2: 1 | D2: 1 | E2: =IF(B2=A2,I2,"") | F2: =IF(C2=A2,I2,"") -> 2840 | G2: =IF(D2=A2,I2,"") -> 2840 | H2: Moon Rock | I2: 2840 | J2: http://www.psrd.hawaii.edu/CosmoSparks/July12/Lunar-rock-densities.html | K2: =IF(A2=B2,N2,"") | L2: =IF(C2=A2,N2,"") -> 150 | M2: =IF(D2=A2,N2,"") -> 150 | N2: 150 | O2: Assumed to be that of substrate material. Estimate only
A3: 2 | B3: =B2 -> 2 | C3: =C2 -> 1 | D3: =D2 -> 1 | E3: =IF(B3=A3,I3,"") -> 2705 | F3: =IF(C3=A3,I3,"") | G3: =IF(D3=A3,I3,"") | H3: Auminium | I3: 2705 | J3: https://theengineeringmindset.com/density-of-metals/ | K3: =IF(A3=B3,N3,"") -> 575 | L3: =IF(C3=A3,N3,"") | M3: =IF(D3=A3,N3,"") | N3: 575 | O3: https://electroheatinduction.com/how-to-calculate-electricity-cost-for-melting-metal-in-induction-melting-furnace/
A4: 3 | B4: =B3 -> 2 | C4: =C3 -> 1 | D4: =D3 -> 1 | E4: =IF(B4=A4,I4,"") | F4: =IF(C4=A4,I4,"") | G4: =IF(D4=A4,I4,"") | H4: Steel | I4: 7850 | J4: https://theengineeringmindset.com/density-of-metals/ | K4: =IF(A4=B4,N4,"") | L4: =IF(C4=A4,N4,"") | M4: =IF(D4=A4,N4,"") | N4: 600 | O4: https://electroheatinduction.com/how-to-calculate-electricity-cost-for-melting-metal-in-induction-melting-furnace/
A5: 4 | B5: =B4 -> 2 | C5: =C4 -> 1 | D5: =D4 -> 1 | E5: =IF(B5=A5,I5,"") | F5: =IF(C5=A5,I5,"") | G5: =IF(D5=A5,I5,"") | H5: High Impact ABS | I5: 1100 | J5: https://omnexus.specialchem.com/polymer-properties/properties/density | K5: =IF(A5=B5,N5,"") | L5: =IF(C5=A5,N5,"") | M5: =IF(D5=A5,N5,"") | N5: =0.00029307*342*1000 -> 100.22994 | O5: https://www.ptonline.com/articles/injection-molding-#:~:text=A%20kilogram%20of%20a%20semi-crystalline%20resin%2C%20such%20as,vs.%20342%29%2C%20yet%20their%20processing%20temperatures%20are%20similar.
A6: 5 | B6: =B5 -> 2 | C6: =C5 -> 1 | D6: =D5 -> 1 | E6: =IF(B6=A6,I6,"") | F6: =IF(C6=A6,I6,"") | G6: =IF(D6=A6,I6,"") | H6: Add to table | K6: =IF(A6=B6,N6,"") | L6: =IF(C6=A6,N6,"") | M6: =IF(D6=A6,N6,"")
A7: 6 | B7: =B6 -> 2 | C7: =C6 -> 1 | D7: =D6 -> 1 | E7: =IF(B7=A7,I7,"") | F7: =IF(C7=A7,I7,"") | G7: =IF(D7=A7,I7,"") | H7: Add to table | K7: =IF(A7=B7,N7,"") | L7: =IF(C7=A7,N7,"") | M7: =IF(D7=A7,N7,"")
A8: 7 | B8: =B7 -> 2 | C8: =C7 -> 1 | D8: =D7 -> 1 | E8: =IF(B8=A8,I8,"") | F8: =IF(C8=A8,I8,"") | G8: =IF(D8=A8,I8,"") | H8: Add to table | K8: =IF(A8=B8,N8,"") | L8: =IF(C8=A8,N8,"") | M8: =IF(D8=A8,N8,"")
A9: 8 | B9: =B8 -> 2 | C9: =C8 -> 1 | D9: =D8 -> 1 | E9: =IF(B9=A9,I9,"") | F9: =IF(C9=A9,I9,"") | G9: =IF(D9=A9,I9,"") | H9: Add to table | K9: =IF(A9=B9,N9,"") | L9: =IF(C9=A9,N9,"") | M9: =IF(D9=A9,N9,"")
A10: 9 | B10: =B9 -> 2 | C10: =C9 -> 1 | D10: =D9 -> 1 | E10: =IF(B10=A10,I10,"") | F10: =IF(C10=A10,I10,"") | G10: =IF(D10=A10,I10,"") | H10: Add to table | K10: =IF(A10=B10,N10,"") | L10: =IF(C10=A10,N10,"") | M10: =IF(D10=A10,N10,"")
A11: 10 | B11: =B10 -> 2 | C11: =C10 -> 1 | D11: =D10 -> 1 | E11: =IF(B11=A11,I11,"") | F11: =IF(C11=A11,I11,"") | G11: =IF(D11=A11,I11,"") | H11: Add to table | K11: =IF(A11=B11,N11,"") | L11: =IF(C11=A11,N11,"") | M11: =IF(D11=A11,N11,"")
A12: 11 | B12: =B11 -> 2 | C12: =C11 -> 1 | D12: =D11 -> 1 | E12: =IF(B12=A12,I12,"") | F12: =IF(C12=A12,I12,"") | G12: =IF(D12=A12,I12,"") | H12: Add to table | K12: =IF(A12=B12,N12,"") | L12: =IF(C12=A12,N12,"") | M12: =IF(D12=A12,N12,"")
A13: 12 | B13: =B12 -> 2 | C13: =C12 -> 1 | D13: =D12 -> 1 | E13: =IF(B13=A13,I13,"") | F13: =IF(C13=A13,I13,"") | G13: =IF(D13=A13,I13,"") | H13: Add to table | K13: =IF(A13=B13,N13,"") | L13: =IF(C13=A13,N13,"") | M13: =IF(D13=A13,N13,"")
A14: 13 | B14: =B13 -> 2 | C14: =C13 -> 1 | D14: =D13 -> 1 | E14: =IF(B14=A14,I14,"") | F14: =IF(C14=A14,I14,"") | G14: =IF(D14=A14,I14,"") | H14: Add to table | K14: =IF(A14=B14,N14,"") | L14: =IF(C14=A14,N14,"") | M14: =IF(D14=A14,N14,"")
A15: 14 | B15: =B14 -> 2 | C15: =C14 -> 1 | D15: =D14 -> 1 | E15: =IF(B15=A15,I15,"") | F15: =IF(C15=A15,I15,"") | G15: =IF(D15=A15,I15,"") | H15: Add to table | K15: =IF(A15=B15,N15,"") | L15: =IF(C15=A15,N15,"") | M15: =IF(D15=A15,N15,"")
A16: 15 | B16: =B15 -> 2 | C16: =C15 -> 1 | D16: =D15 -> 1 | E16: =IF(B16=A16,I16,"") | F16: =IF(C16=A16,I16,"") | G16: =IF(D16=A16,I16,"") | H16: Add to table | K16: =IF(A16=B16,N16,"") | L16: =IF(C16=A16,N16,"") | M16: =IF(D16=A16,N16,"")
A17: 16 | B17: =B16 -> 2 | C17: =C16 -> 1 | D17: =D16 -> 1 | E17: =IF(B17=A17,I17,"") | F17: =IF(C17=A17,I17,"") | G17: =IF(D17=A17,I17,"") | H17: Add to table | K17: =IF(A17=B17,N17,"") | L17: =IF(C17=A17,N17,"") | M17: =IF(D17=A17,N17,"")
... A21: 20 | B21: =B20 -> 2 | C21: =C20 -> 1 | D21: =D20 -> 1 | E21: =IF(B21=A21,I21,"") | F21: =IF(C21=A21,I21,"") | G21: =IF(D21=A21,I21,"") | H21: Add to table | K21: =IF(A21=B21,N21,"") | L21: =IF(C21=A21,N21,"") | M21: =IF(D21=A21,N21,"")
E23: =SUM(E2:E21) -> 2705 | F23: =SUM(F2:F21) -> 2840 | G23: =SUM(G2:G21) -> 2840 | K23: =SUM(K2:K21) -> 575 | L23: =SUM(L2:L21) -> 150 | M23: =SUM(M2:M21) -> 150

Sheet Charts

Sheet Basic Calcs 100m
A2: Dimensions
C4: Units | D4: Option 1 | E4: Option 2 | F4: Option 3 | G4: ISS | H4: Notes | I4: Source
A5: Outer Diameter | B5: D1 | C5: m | D5: 100 | E5: 100 | F5: 100 | G5: 73 | H5: Inside diameter of the Seed Ring. ISS dimension relates to maximum length | I5: https://en.wikipedia.org/wiki/Electrical_system_of_the_International_Space_Station
A6: Section Outer Diameter | B6: d1 | C6: m | D6: 10 | E6: 10 | F6: 10 | H6: Outside diamter of the section - for the purposes of simplicity assumed to be circular
A7: Inner Diameter | B7: D2 | C7: m | D7: =SUM(D5-(2*D6)) -> 80 | E7: =SUM(E5-(2*E6)) -> 80 | F7: =SUM(F5-(2*F6)) -> 80
A8: Wall Thickness | B8: l1 | C8: m | D8: 0.02 | E8: 0.05 | F8: 0.1
A9: Section Area Outer | C9: m2 | D9: =SUM(3.1416/4*((D5*D5)-((D5-(2*D8))*(D5-(2*D8))))) -> 6.2819434 | E9: =SUM(3.1416/4*((E5*E5)-((E5-(2*E8))*(E5-(2*E8))))) -> 15.700146 | F9: =SUM(3.1416/4*((F5*F5)-((F5-(2*F8))*(F5-(2*F8))))) -> 31.384584 | H9: Area of the outer walls required to be fully covered by the print head
A10: Section Area Floor | C10: m2 | D10: =(D5-(D8*2))*D8 -> 1.9992 | E10: =(E5-(E8*2))*E8 -> 4.995 | F10: =(F5-(F8*2))*F8 -> 9.98 | H10: Area of the central floor area required to be fully covered by the print head
A11: Additional Print Area | C11: % | D11: 2 | E11: 2 | F11: 2 | H11: For further inner floors / walls as a percentage of the central floor section area
A12: Total Sectional Area | C12: m2 | D12: =D9+D10+(D10*D11) -> 12.279543 | E12: =E9+E10+(E10*E11) -> 30.685146 | F12: =F9+F10+(F10*F11) -> 61.324584 | H12: This number is used in conjunction with the print nozzle size and print depth to calculate how many revolutions are required to cover the area
A13: Outer Torus Volume | B13: V1 | C13: m3 | D13: =SUM(3.1416*3.1416)*(D5/2+D7/2)*(D5/2-D7/2)*(D5/2-D7/2)/4 -> 22206.714 | E13: =SUM(3.1416*3.1416)*(E5/2+E7/2)*(E5/2-E7/2)*(E5/2-E7/2)/4 -> 22206.714 | F13: =SUM(3.1416*3.1416)*(F5/2+F7/2)*(F5/2-F7/2)*(F5/2-F7/2)/4 -> 22206.714
A14: Inside Torus Outer Diameter | C14: m | D14: =D5-(D8*2) -> 99.96 | E14: =E5-(E8*2) -> 99.9 | F14: =F5-(F8*2) -> 99.8
A15: Inside Torus Inner Diameter | C15: m | D15: =D7+(D8*2) -> 80.04 | E15: =E7+(E8*2) -> 80.1 | F15: =F7+(F8*2) -> 80.2
A16: Inside Torus Volume | C16: m3 | D16: =SUM(3.1416*3.1416)*(D14/2+D15/2)*(D14/2-D15/2)*(D14/2-D15/2)/4 -> 22029.415 | E16: =SUM(3.1416*3.1416)*(E14/2+E15/2)*(E14/2-E15/2)*(E14/2-E15/2)/4 -> 21764.8 | F16: =SUM(3.1416*3.1416)*(F14/2+F15/2)*(F14/2-F15/2)*(F14/2-F15/2)/4 -> 21327.328 | H16: Layer thickness
A17: Torus Shell Volume | C17: m3 | D17: =SUM(D13-D16) -> 177.2984 | E17: =SUM(E13-E16) -> 441.9136 | F17: =SUM(F13-F16) -> 879.38586
A18: Central floor Volume | C18: m3 | D18: =(3.1416*D8*D14*(D6-2*D8)) -> 62.55564 | E18: =(3.1416*E8*E14*(E6-2*E8)) -> 155.35369 | F18: =(3.1416*F8*F14*(F6-2*F8)) -> 307.26105 | H18: Volume associated with a ring shaped floor at the widest point wih a thickness equal to the outer wall
A19: Additional Print Volume | C19: m3 | D19: =SUM(D11*D18)+D18 -> 187.66692 | E19: =SUM(E11*E18)+E18 -> 466.06107 | F19: =SUM(F11*F18)+F18 -> 921.78314
A20: Internal Volume | C20: m3 | D20: =D16-D19 -> 21841.748 | E20: =E16-E19 -> 21298.739 | F20: =F16-F19 -> 20405.545 | G20: 932 | I20: https://www.nasa.gov/feature/facts-and-figures
A21: Total Print Volume | C21: m3 | D21: =D17+D19 -> 364.96532 | E21: =E17+E19 -> 907.97468 | F21: =F17+F19 -> 1801.169
A22: People on Board | D22: 50 | E22: 50 | F22: 50 | G22: 6 | H22: Possibly constrained by bed space
A23: Average volume per person | C23: m3 | D23: =D20/D22 -> 436.83497 | E23: =E20/E22 -> 425.97478 | F23: =F20/F22 -> 408.1109 | G23: =SUM(G20/G22) -> 155.33333
A24: Floor Space per person at 2.5 m ceiling | C24: m2 | D24: =D23/2.5 -> 174.73399 | E24: =E23/2.5 -> 170.38991 | F24: =F23/2.5 -> 163.24436 | H24: Approximate calculation does not consider curvature of structure
A26: Manufacturing Process
A28: Print Speed | C28: m/s | D28: 0.5 | E28: 0.5 | F28: 1 | H28: How fast the printer head moves relative to the surface being printed Current home 3D print speed. Aluminium extrusion in range of 5 - 50 m/min (0.08 - 0.8 m/s)
A29: Nozzle Diameter | C29: mm | D29: 4 | E29: 4 | F29: 4
A30: Print Depth | C30: mm | D30: 2 | E30: 2 | F30: 2
A31: Nozzle volumetric flow rate | C31: cm3/s | D31: =SUM(D29*D28*D30) -> 4 | E31: =SUM(E29*E28*E30) -> 4 | F31: =SUM(F29*F28*F30) -> 8 | H31: For all Nozzles
A32: Rotational Speed | C32: RPM | D32: =D28*60/(3.1416*D5) -> 0.095492743 | E32: =E28*60/(3.1416*E5) -> 0.095492743 | F32: =F28*60/(3.1416*F5) -> 0.19098549 | H32: Calculated from the print head speed at the outer diameter
A33: G-force outer edge (RCF) | D33: =D32*D32*1.118*0.001*(D5/2) -> 0.00050974449 | E33: =E32*E32*1.118*0.001*(E5/2) -> 0.00050974449 | F33: =F32*F32*1.118*0.001*(F5/2) -> 0.002038978 | H33: Induced by rotation of ring
A34: Number of Print Head Nozzles | D34: 4 | E34: 16 | F34: 8 | H34: Number of nozzles for the main construction material - separate print head are assumed for other materials
A35: Flow Rate per Nozzles | C35: kg/s | D35: =D36/D34 -> 0.01082 | E35: =E36/E34 -> 0.01082 | F35: =F36/F34 -> 0.0088
A36: Flow Rate All Nozzles | C36: kg/s | D36: =SUM(D31*D45*D34)/1000000 -> 0.04328 | E36: =SUM(E31*E45*E34)/1000000 -> 0.17312 | F36: =SUM(F31*F45*F34)/1000000 -> 0.0704 | H36: Used in power sonsumption calculations
A37: Print Efficiency | C37: % | D37: 0.9 | E37: 0.9 | F37: 0.9 | H37: Tme Printing vs Time Not Printing NOT INCLUDING wall design desity
A38: Number of Complete Revolutions | C38: million | D38: =D12/(D29*D30*D34/1000000)/1000000 -> 0.38373573 | E38: =E12/(E29*E30*E34/1000000)/1000000 -> 0.2397277 | F38: =F12/(F29*F30*F34/1000000)/1000000 -> 0.95819663 | H38: Based upon the total sectional area divided by the print area (nozzle diameter x print depth x number of nozzles)
A39: Print Time | C39: days | D39: =((D38*1000000)/D32)/60/24/D37 -> 3100.6794 | E39: =((E38*1000)/E32)/60/24/E37*1000 -> 1937.059 | F39: =((F38*1000)/F32)/60/24/F37*1000 -> 3871.2327 | H39: Calculated using number of revolutions and rotaional speed
A40: Print Time | C40: years | D40: =SUM(D39)/365 -> 8.4950122 | E40: =SUM(E39)/365 -> 5.3070111 | F40: =SUM(F39)/365 -> 10.606117
A42: Material Requirements
A44: Main Structure Material
A45: Material Density | C45: kg/m3 | D45: ='Materials Table 100m'!E23 -> 2705 | E45: ='Materials Table 100m'!F23 -> 2705 | F45: ='Materials Table 100m'!G23 -> 1100 | H45: From Table
A46: Wall Design Density | C46: % | D46: 0.5 | E46: 0.5 | F46: 0.5
A47: Total Mass | C47: tons | D47: =SUM(D21)*D45/1000*D46 -> 493.6156 | E47: =SUM(E21)*E45/1000*E46 -> 1228.0357 | F47: =SUM(F21)*F45/1000*F46 -> 990.64295 | G47: 420 | I47: https://www.nasa.gov/feature/facts-and-figures
A48: Raw Materials Production Rate | C48: tons /day | D48: =D47/D39 -> 0.15919595 | E48: =E47/E39 -> 0.63396919 | F48: =F47/F39 -> 0.25589858
A49: Falcon Heavy Lifts | D49: =SUM(D47/64) -> 7.7127437 | E49: =SUM(E47/64) -> 19.188059 | F49: =SUM(F47/64) -> 15.478796 | H49: 64 Ton lift capacity | I49: https://arstechnica.com/science/2018/02/three-years-of-sls-development-could-buy-86-falcon-heavy-launches/
A50: Launch Cost | C50: $m | D50: 150 | E50: 150 | F50: 150 | H50: Assumed $150m per launch | I50: https://arstechnica.com/science/2018/02/three-years-of-sls-development-could-buy-86-falcon-heavy-launches/
A51: Lifts frequency | C51: days | D51: =SUM(365/(D49/D40)) -> 402.02029 | E51: =SUM(365/(E49/E40)) -> 100.95128 | F51: =SUM(365/(F49/F40)) -> 250.09908
A52: Lift Cost | C52: $bn | D52: =SUM(D49*D50/1000) -> 1.1569116 | E52: =SUM(E49*E50/1000) -> 2.8782088 | F52: =SUM(F49*F50/1000) -> 2.3218194
A54: Power Requirements
A56: Melt Energy | C56: GJ/ton | D56: ='Materials Table 100m'!K$23*3600/1000000 -> 2.07 | E56: ='Materials Table 100m'!L$23*3600/1000000 -> 2.07 | F56: ='Materials Table 100m'!M$23*3600/1000000 -> 0.36082778
A57: Total Energy | C57: GJ | D57: =SUM(D47*D56) -> 1021.7843 | E57: =SUM(E47*E56) -> 2542.034 | F57: =SUM(F47*F56) -> 357.4515
A58: Process Efficiency | C58: % | D58: 0.7 | E58: 0.7 | F58: 0.7 | H58: Inneficiencies in overall system such melt vessel heat loses and power transmission loses
A59: Continuous Power | C59: kW | D59: =D56*1000*D36/D58 -> 127.98514 | E59: =E56*1000*E36/E58 -> 511.94057 | F59: =F56*1000*F36/F58 -> 36.288966 | G59: 120 | H59: Calculated by assuming all nozzles are consurrently printing at the flow rates For additional comparison nuclear power station range up to 8 MW
A60: Solar energy in orbit | C60: W/m2 | D60: 1365 | E60: 1365 | F60: 1365 | H60: The location of the manufacturing site relative to the position of the sun, earth and moon will impact this number | I60: https://www.solarenspace.com/solaren-space-solar/ssp-overview/
A61: Panel Efficiency | C61: % | D61: 0.3 | E61: 0.3 | F61: 0.3
A62: Theoretical Minimum Panel Size | C62: m2 | D62: =SUM(D59/D60)*1000/D61 -> 312.54003 | E62: =SUM(E59/E60)*1000/E61 -> 1250.1601 | F62: =SUM(F59/F60)*1000/F61 -> 88.617743 | H62: Assumes continuous line of site to the sun | I62: https://www.nasa.gov/mission_pages/station/structure/elements/solar_arrays-about.html
A63: Square Sides | C63: m | D63: =SQRT(D62) -> 17.678802 | E63: =SQRT(E62) -> 35.357604 | F63: =SQRT(F62) -> 9.4136997 | G63: =SQRT(G65) -> 50 | H63: Dimensions of square panel
A64: Diameter | C64: m | D64: =SQRT(D62*4/3.14) -> 19.95345 | E64: =SQRT(E62*4/3.14) -> 39.9069 | F64: =SQRT(F62*4/3.14) -> 10.624916 | G64: =SQRT(G65*4/3.14) -> 56.433265 | H64: Equivalent size of the circular panel
A65: Panel Size Using ISS panel size / power ratio | C65: m2 | D65: =D59/$G59*$G65/D58 -> 3809.0816 | E65: =E59/$G59*$G65/E58 -> 15236.327 | F65: =F59/$G59*$G65/F58 -> 1080.0287 | G65: 2500 | H65: Assumes a worst case.
A66: Square Sides | C66: m | D66: =SQRT(D65) -> 61.717758 | E66: =SQRT(E65) -> 123.43552 | F66: =SQRT(F65) -> 32.863791
A67: Diameter | C67: m | D67: =SQRT(D65*4/3.14) -> 69.658691 | E67: =SQRT(E65*4/3.14) -> 139.31738 | F67: =SQRT(F65*4/3.14) -> 37.09222
A69: Value to be entered
A70: Value from external source
A71: Calculated Value

Sheet Charts 100m
B1: Version 1 | C1: Version 2 | D1: Version 3 | H1: Version 1 | I1: Version 2 | J1: Version 3
A2: Wall Thickness | B2: ='Basic Calcs 100m'!D8*100 -> 2 | C2: ='Basic Calcs 100m'!E8*100 -> 5 | D2: ='Basic Calcs 100m'!F8*100 -> 10 | E2: cm | G2: Wall Thickness | H2: 2 | I2: 5 | J2: 10
A3: Print Time | B3: ='Basic Calcs 100m'!D40 -> 8.4950122 | C3: ='Basic Calcs 100m'!E40 -> 5.3070111 | D3: ='Basic Calcs 100m'!F40 -> 10.606117 | E3: years | G3: Print Time | H3: 1.0791824 | I3: 2.6836218 | J3: 5.3195182
A5: Wall Thickness | B5: =B2 -> 2 | C5: =C2 -> 5 | D5: =D2 -> 10
A6: Falcon Heavy Lifts | B6: ='Basic Calcs 100m'!D49 -> 7.7127437 | C6: ='Basic Calcs 100m'!E49 -> 19.188059 | D6: ='Basic Calcs 100m'!F49 -> 15.478796
A8: Total Print Volume | B8: ='Basic Calcs 100m'!D21 -> 364.96532 | C8: ='Basic Calcs 100m'!E21 -> 907.97468 | D8: ='Basic Calcs 100m'!F21 -> 1801.169 | E8: m3
A9: People on Board | B9: ='Basic Calcs 100m'!D22 -> 50 | C9: ='Basic Calcs 100m'!E22 -> 50 | D9: ='Basic Calcs 100m'!F22 -> 50
A10: Average volume per person | B10: ='Basic Calcs 100m'!D23 -> 436.83497 | C10: ='Basic Calcs 100m'!E23 -> 425.97478 | D10: ='Basic Calcs 100m'!F23 -> 408.1109 | E10: m3
A11: Total Mass | B11: ='Basic Calcs 100m'!D47 -> 493.6156 | C11: ='Basic Calcs 100m'!E47 -> 1228.0357 | D11: ='Basic Calcs 100m'!F47 -> 990.64295 | E11: Tonnes
A13: Lifts frequency | B13: ='Basic Calcs 100m'!D51 -> 402.02029 | C13: ='Basic Calcs 100m'!E51 -> 100.95128 | D13: ='Basic Calcs 100m'!F51 -> 250.09908 | E13: days
A15: Continuous Power | B15: ='Basic Calcs 100m'!D59 -> 127.98514 | C15: ='Basic Calcs 100m'!E59 -> 511.94057 | D15: ='Basic Calcs 100m'!F59 -> 36.288966 | E15: kW
A16: Theroretical Minimum Panel Size | B16: ='Basic Calcs 100m'!D62 -> 312.54003 | C16: ='Basic Calcs 100m'!E62 -> 1250.1601 | D16: ='Basic Calcs 100m'!F62 -> 88.617743 | E16: m2

Sheet Materials Table 100m
E1: 1 | F1: 2 | G1: 3 | H1: Material | I1: Density kg/m3 | J1: Notes / Source | N1: Melt Energy kWhrs/ton | O1: Notes / Source
A2: 1 | B2: 2 | C2: 2 | D2: 4 | E2: =IF(B2=A2,I2,"") | F2: =IF(C2=A2,I2,"") | G2: =IF(D2=A2,I2,"") | H2: ='Materials Properties'!H2 -> Moon Rock | I2: ='Materials Properties'!I2 -> 2840 | J2: http://www.psrd.hawaii.edu/CosmoSparks/July12/Lunar-rock-densities.html | K2: =IF(A2=B2,N2,"") | L2: =IF(C2=A2,N2,"") | M2: =IF(D2=A2,N2,"") | N2: ='Materials Properties'!N2 -> 150 | O2: Assumed to be that of substrate material. Estimate only
A3: 2 | B3: =B2 -> 2 | C3: =C2 -> 2 | D3: =D2 -> 4 | E3: =IF(B3=A3,I3,"") -> 2705 | F3: =IF(C3=A3,I3,"") -> 2705 | G3: =IF(D3=A3,I3,"") | H3: ='Materials Properties'!H3 -> Auminium | I3: ='Materials Properties'!I3 -> 2705 | J3: https://theengineeringmindset.com/density-of-metals/ | K3: =IF(A3=B3,N3,"") -> 575 | L3: =IF(C3=A3,N3,"") -> 575 | M3: =IF(D3=A3,N3,"") | N3: ='Materials Properties'!N3 -> 575 | O3: https://electroheatinduction.com/how-to-calculate-electricity-cost-for-melting-metal-in-induction-melting-furnace/
A4: 3 | B4: =B3 -> 2 | C4: =C3 -> 2 | D4: =D3 -> 4 | E4: =IF(B4=A4,I4,"") | F4: =IF(C4=A4,I4,"") | G4: =IF(D4=A4,I4,"") | H4: ='Materials Properties'!H4 -> Steel | I4: ='Materials Properties'!I4 -> 7850 | J4: https://theengineeringmindset.com/density-of-metals/ | K4: =IF(A4=B4,N4,"") | L4: =IF(C4=A4,N4,"") | M4: =IF(D4=A4,N4,"") | N4: ='Materials Properties'!N4 -> 600 | O4: https://electroheatinduction.com/how-to-calculate-electricity-cost-for-melting-metal-in-induction-melting-furnace/
A5: 4 | B5: =B4 -> 2 | C5: =C4 -> 2 | D5: =D4 -> 4 | E5: =IF(B5=A5,I5,"") | F5: =IF(C5=A5,I5,"") | G5: =IF(D5=A5,I5,"") -> 1100 | H5: ='Materials Properties'!H5 -> High Impact ABS | I5: ='Materials Properties'!I5 -> 1100 | J5: https://omnexus.specialchem.com/polymer-properties/properties/density | K5: =IF(A5=B5,N5,"") | L5: =IF(C5=A5,N5,"") | M5: =IF(D5=A5,N5,"") -> 100.22994 | N5: ='Materials Properties'!N5 -> 100.22994 | O5: https://www.ptonline.com/articles/injection-molding-#:~:text=A%20kilogram%20of%20a%20semi-crystalline%20resin%2C%20such%20as,vs.%20342%29%2C%20yet%20their%20processing%20temperatures%20are%20similar.
A6: 5 | B6: =B5 -> 2 | C6: =C5 -> 2 | D6: =D5 -> 4 | E6: =IF(B6=A6,I6,"") | F6: =IF(C6=A6,I6,"") | G6: =IF(D6=A6,I6,"") | H6: ='Materials Properties'!H6 -> Add to table | I6: ='Materials Properties'!I6 -> 0 | K6: =IF(A6=B6,N6,"") | L6: =IF(C6=A6,N6,"") | M6: =IF(D6=A6,N6,"") | N6: ='Materials Properties'!N6 -> 0
A7: 6 | B7: =B6 -> 2 | C7: =C6 -> 2 | D7: =D6 -> 4 | E7: =IF(B7=A7,I7,"") | F7: =IF(C7=A7,I7,"") | G7: =IF(D7=A7,I7,"") | H7: ='Materials Properties'!H7 -> Add to table | I7: ='Materials Properties'!I7 -> 0 | K7: =IF(A7=B7,N7,"") | L7: =IF(C7=A7,N7,"") | M7: =IF(D7=A7,N7,"") | N7: ='Materials Properties'!N7 -> 0
A8: 7 | B8: =B7 -> 2 | C8: =C7 -> 2 | D8: =D7 -> 4 | E8: =IF(B8=A8,I8,"") | F8: =IF(C8=A8,I8,"") | G8: =IF(D8=A8,I8,"") | H8: ='Materials Properties'!H8 -> Add to table | I8: ='Materials Properties'!I8 -> 0 | K8: =IF(A8=B8,N8,"") | L8: =IF(C8=A8,N8,"") | M8: =IF(D8=A8,N8,"") | N8: ='Materials Properties'!N8 -> 0
A9: 8 | B9: =B8 -> 2 | C9: =C8 -> 2 | D9: =D8 -> 4 | E9: =IF(B9=A9,I9,"") | F9: =IF(C9=A9,I9,"") | G9: =IF(D9=A9,I9,"") | H9: ='Materials Properties'!H9 -> Add to table | I9: ='Materials Properties'!I9 -> 0 | K9: =IF(A9=B9,N9,"") | L9: =IF(C9=A9,N9,"") | M9: =IF(D9=A9,N9,"") | N9: ='Materials Properties'!N9 -> 0
A10: 9 | B10: =B9 -> 2 | C10: =C9 -> 2 | D10: =D9 -> 4 | E10: =IF(B10=A10,I10,"") | F10: =IF(C10=A10,I10,"") | G10: =IF(D10=A10,I10,"") | H10: ='Materials Properties'!H10 -> Add to table | I10: ='Materials Properties'!I10 -> 0 | K10: =IF(A10=B10,N10,"") | L10: =IF(C10=A10,N10,"") | M10: =IF(D10=A10,N10,"") | N10: ='Materials Properties'!N10 -> 0
A11: 10 | B11: =B10 -> 2 | C11: =C10 -> 2 | D11: =D10 -> 4 | E11: =IF(B11=A11,I11,"") | F11: =IF(C11=A11,I11,"") | G11: =IF(D11=A11,I11,"") | H11: ='Materials Properties'!H11 -> Add to table | I11: ='Materials Properties'!I11 -> 0 | K11: =IF(A11=B11,N11,"") | L11: =IF(C11=A11,N11,"") | M11: =IF(D11=A11,N11,"") | N11: ='Materials Properties'!N11 -> 0
A12: 11 | B12: =B11 -> 2 | C12: =C11 -> 2 | D12: =D11 -> 4 | E12: =IF(B12=A12,I12,"") | F12: =IF(C12=A12,I12,"") | G12: =IF(D12=A12,I12,"") | H12: ='Materials Properties'!H12 -> Add to table | I12: ='Materials Properties'!I12 -> 0 | K12: =IF(A12=B12,N12,"") | L12: =IF(C12=A12,N12,"") | M12: =IF(D12=A12,N12,"") | N12: ='Materials Properties'!N12 -> 0
A13: 12 | B13: =B12 -> 2 | C13: =C12 -> 2 | D13: =D12 -> 4 | E13: =IF(B13=A13,I13,"") | F13: =IF(C13=A13,I13,"") | G13: =IF(D13=A13,I13,"") | H13: ='Materials Properties'!H13 -> Add to table | I13: ='Materials Properties'!I13 -> 0 | K13: =IF(A13=B13,N13,"") | L13: =IF(C13=A13,N13,"") | M13: =IF(D13=A13,N13,"") | N13: ='Materials Properties'!N13 -> 0
A14: 13 | B14: =B13 -> 2 | C14: =C13 -> 2 | D14: =D13 -> 4 | E14: =IF(B14=A14,I14,"") | F14: =IF(C14=A14,I14,"") | G14: =IF(D14=A14,I14,"") | H14: ='Materials Properties'!H14 -> Add to table | I14: ='Materials Properties'!I14 -> 0 | K14: =IF(A14=B14,N14,"") | L14: =IF(C14=A14,N14,"") | M14: =IF(D14=A14,N14,"") | N14: ='Materials Properties'!N14 -> 0
A15: 14 | B15: =B14 -> 2 | C15: =C14 -> 2 | D15: =D14 -> 4 | E15: =IF(B15=A15,I15,"") | F15: =IF(C15=A15,I15,"") | G15: =IF(D15=A15,I15,"") | H15: ='Materials Properties'!H15 -> Add to table | I15: ='Materials Properties'!I15 -> 0 | K15: =IF(A15=B15,N15,"") | L15: =IF(C15=A15,N15,"") | M15: =IF(D15=A15,N15,"") | N15: ='Materials Properties'!N15 -> 0
A16: 15 | B16: =B15 -> 2 | C16: =C15 -> 2 | D16: =D15 -> 4 | E16: =IF(B16=A16,I16,"") | F16: =IF(C16=A16,I16,"") | G16: =IF(D16=A16,I16,"") | H16: ='Materials Properties'!H16 -> Add to table | I16: ='Materials Properties'!I16 -> 0 | K16: =IF(A16=B16,N16,"") | L16: =IF(C16=A16,N16,"") | M16: =IF(D16=A16,N16,"") | N16: ='Materials Properties'!N16 -> 0
A17: 16 | B17: =B16 -> 2 | C17: =C16 -> 2 | D17: =D16 -> 4 | E17: =IF(B17=A17,I17,"") | F17: =IF(C17=A17,I17,"") | G17: =IF(D17=A17,I17,"") | H17: ='Materials Properties'!H17 -> Add to table | I17: ='Materials Properties'!I17 -> 0 | K17: =IF(A17=B17,N17,"") | L17: =IF(C17=A17,N17,"") | M17: =IF(D17=A17,N17,"") | N17: ='Materials Properties'!N17 -> 0
... A21: 20 | B21: =B20 -> 2 | C21: =C20 -> 2 | D21: =D20 -> 4 | E21: =IF(B21=A21,I21,"") | F21: =IF(C21=A21,I21,"") | G21: =IF(D21=A21,I21,"") | H21: ='Materials Properties'!H21 -> Add to table | I21: ='Materials Properties'!I21 -> 0 | K21: =IF(A21=B21,N21,"") | L21: =IF(C21=A21,N21,"") | M21: =IF(D21=A21,N21,"") | N21: ='Materials Properties'!N21 -> 0
E23: =SUM(E2:E21) -> 2705 | F23: =SUM(F2:F21) -> 2705 | G23: =SUM(G2:G21) -> 1100 | K23: =SUM(K2:K21) -> 575 | L23: =SUM(L2:L21) -> 575 | M23: =SUM(M2:M21) -> 100.22994

Sheet Charts All
B1: Version 1 | C1: Version 2 | D1: Version 3 | H1: Version 1 | I1: Version 2 | J1: Version 3
A2: Wall Thickness | B2: ='Basic Calcs All'!D8*100 -> 2 | C2: ='Basic Calcs All'!E8*100 -> 50 | D2: ='Basic Calcs All'!F8*100 -> 1000 | E2: cm | G2: Wall Thickness | H2: 2 | I2: 5 | J2: 10
A3: Print Time | B3: ='Basic Calcs All'!D40 -> 8.4950122 | C3: ='Basic Calcs All'!E40 -> 7.1584713 | D3: ='Basic Calcs All'!F40 -> 2.291849 | E3: years | G3: Print Time | H3: 1.0791824 | I3: 2.6836218 | J3: 5.3195182
A5: Wall Thickness | B5: =B2 -> 2 | C5: =C2 -> 50 | D5: =D2 -> 1000
A6: Falcon Heavy Lifts | B6: ='Basic Calcs All'!D49 -> 7.7127437 | C6: ='Basic Calcs All'!E49 -> 40291.376 | D6: ='Basic Calcs All'!F49 -> 3.0484756e+10
A8: Total Print Volume | B8: ='Basic Calcs All'!D21 -> 364.96532 | C8: ='Basic Calcs All'!E21 -> 907974.68 | D8: ='Basic Calcs All'!F21 -> 1.3739608e+12 | E8: m3
A9: People on Board | B9: ='Basic Calcs All'!D22 -> 50 | C9: ='Basic Calcs All'!E22 -> 10000 | D9: ='Basic Calcs All'!F22 -> 100000000
A10: Average volume per person | B10: ='Basic Calcs All'!D23 -> 436.83497 | C10: ='Basic Calcs All'!E23 -> 2129.8739 | D10: ='Basic Calcs All'!F23 -> 208327.53 | E10: m3
A11: Total Mass | B11: ='Basic Calcs All'!D47 -> 493.6156 | C11: ='Basic Calcs All'!E47 -> 2578648.1 | D11: ='Basic Calcs All'!F47 -> 1.9510244e+12 | E11: Tonnes
A13: Lifts frequency | B13: ='Basic Calcs All'!D51 -> 402.02029 | C13: ='Basic Calcs All'!E51 -> 0.064848667 | D13: ='Basic Calcs All'!F51 -> 2.7440761e-08 | E13: days
A15: Continuous Power | B15: ='Basic Calcs All'!D59 -> 127.98514 | C15: ='Basic Calcs All'!E59 -> 70107.429 | D15: ='Basic Calcs All'!F59 -> 4.3817143e+10 | E15: kW
A16: Theroretical Minimum Panel Size | B16: ='Basic Calcs All'!D62 -> 312.54003 | C16: ='Basic Calcs All'!E62 -> 171202.51 | D16: ='Basic Calcs All'!F62 -> 1.0700157e+11 | E16: m2

Sheet Materials Table All
E1: 1 | F1: 2 | G1: 3 | H1: Material | I1: Density kg/m3 | J1: Notes / Source | N1: Melt Energy kWhrs/ton | O1: Notes / Source
A2: 1 | B2: 2 | C2: 1 | D2: 1 | E2: =IF(B2=A2,I2,"") | F2: =IF(C2=A2,I2,"") -> 2840 | G2: =IF(D2=A2,I2,"") -> 2840 | H2: Moon Rock | I2: 2840 | J2: http://www.psrd.hawaii.edu/CosmoSparks/July12/Lunar-rock-densities.html | K2: =IF(A2=B2,N2,"") | L2: =IF(C2=A2,N2,"") -> 150 | M2: =IF(D2=A2,N2,"") -> 150 | N2: 150 | O2: Assumed to be that of substrate material. Estimate only
A3: 2 | B3: =B2 -> 2 | C3: =C2 -> 1 | D3: =D2 -> 1 | E3: =IF(B3=A3,I3,"") -> 2705 | F3: =IF(C3=A3,I3,"") | G3: =IF(D3=A3,I3,"") | H3: Auminium | I3: 2705 | J3: https://theengineeringmindset.com/density-of-metals/ | K3: =IF(A3=B3,N3,"") -> 575 | L3: =IF(C3=A3,N3,"") | M3: =IF(D3=A3,N3,"") | N3: 575 | O3: https://electroheatinduction.com/how-to-calculate-electricity-cost-for-melting-metal-in-induction-melting-furnace/
A4: 3 | B4: =B3 -> 2 | C4: =C3 -> 1 | D4: =D3 -> 1 | E4: =IF(B4=A4,I4,"") | F4: =IF(C4=A4,I4,"") | G4: =IF(D4=A4,I4,"") | H4: Steel | I4: 7850 | J4: https://theengineeringmindset.com/density-of-metals/ | K4: =IF(A4=B4,N4,"") | L4: =IF(C4=A4,N4,"") | M4: =IF(D4=A4,N4,"") | N4: 600 | O4: https://electroheatinduction.com/how-to-calculate-electricity-cost-for-melting-metal-in-induction-melting-furnace/
A5: 4 | B5: =B4 -> 2 | C5: =C4 -> 1 | D5: =D4 -> 1 | E5: =IF(B5=A5,I5,"") | F5: =IF(C5=A5,I5,"") | G5: =IF(D5=A5,I5,"") | H5: High Impact ABS | I5: 1100 | J5: https://omnexus.specialchem.com/polymer-properties/properties/density | K5: =IF(A5=B5,N5,"") | L5: =IF(C5=A5,N5,"") | M5: =IF(D5=A5,N5,"") | N5: =0.00029307*342*1000 -> 100.22994 | O5: https://www.ptonline.com/articles/injection-molding-#:~:text=A%20kilogram%20of%20a%20semi-crystalline%20resin%2C%20such%20as,vs.%20342%29%2C%20yet%20their%20processing%20temperatures%20are%20similar.
A6: 5 | B6: =B5 -> 2 | C6: =C5 -> 1 | D6: =D5 -> 1 | E6: =IF(B6=A6,I6,"") | F6: =IF(C6=A6,I6,"") | G6: =IF(D6=A6,I6,"") | H6: Add to table | K6: =IF(A6=B6,N6,"") | L6: =IF(C6=A6,N6,"") | M6: =IF(D6=A6,N6,"")
A7: 6 | B7: =B6 -> 2 | C7: =C6 -> 1 | D7: =D6 -> 1 | E7: =IF(B7=A7,I7,"") | F7: =IF(C7=A7,I7,"") | G7: =IF(D7=A7,I7,"") | H7: Add to table | K7: =IF(A7=B7,N7,"") | L7: =IF(C7=A7,N7,"") | M7: =IF(D7=A7,N7,"")
A8: 7 | B8: =B7 -> 2 | C8: =C7 -> 1 | D8: =D7 -> 1 | E8: =IF(B8=A8,I8,"") | F8: =IF(C8=A8,I8,"") | G8: =IF(D8=A8,I8,"") | H8: Add to table | K8: =IF(A8=B8,N8,"") | L8: =IF(C8=A8,N8,"") | M8: =IF(D8=A8,N8,"")
A9: 8 | B9: =B8 -> 2 | C9: =C8 -> 1 | D9: =D8 -> 1 | E9: =IF(B9=A9,I9,"") | F9: =IF(C9=A9,I9,"") | G9: =IF(D9=A9,I9,"") | H9: Add to table | K9: =IF(A9=B9,N9,"") | L9: =IF(C9=A9,N9,"") | M9: =IF(D9=A9,N9,"")
A10: 9 | B10: =B9 -> 2 | C10: =C9 -> 1 | D10: =D9 -> 1 | E10: =IF(B10=A10,I10,"") | F10: =IF(C10=A10,I10,"") | G10: =IF(D10=A10,I10,"") | H10: Add to table | K10: =IF(A10=B10,N10,"") | L10: =IF(C10=A10,N10,"") | M10: =IF(D10=A10,N10,"")
A11: 10 | B11: =B10 -> 2 | C11: =C10 -> 1 | D11: =D10 -> 1 | E11: =IF(B11=A11,I11,"") | F11: =IF(C11=A11,I11,"") | G11: =IF(D11=A11,I11,"") | H11: Add to table | K11: =IF(A11=B11,N11,"") | L11: =IF(C11=A11,N11,"") | M11: =IF(D11=A11,N11,"")
A12: 11 | B12: =B11 -> 2 | C12: =C11 -> 1 | D12: =D11 -> 1 | E12: =IF(B12=A12,I12,"") | F12: =IF(C12=A12,I12,"") | G12: =IF(D12=A12,I12,"") | H12: Add to table | K12: =IF(A12=B12,N12,"") | L12: =IF(C12=A12,N12,"") | M12: =IF(D12=A12,N12,"")
A13: 12 | B13: =B12 -> 2 | C13: =C12 -> 1 | D13: =D12 -> 1 | E13: =IF(B13=A13,I13,"") | F13: =IF(C13=A13,I13,"") | G13: =IF(D13=A13,I13,"") | H13: Add to table | K13: =IF(A13=B13,N13,"") | L13: =IF(C13=A13,N13,"") | M13: =IF(D13=A13,N13,"")
A14: 13 | B14: =B13 -> 2 | C14: =C13 -> 1 | D14: =D13 -> 1 | E14: =IF(B14=A14,I14,"") | F14: =IF(C14=A14,I14,"") | G14: =IF(D14=A14,I14,"") | H14: Add to table | K14: =IF(A14=B14,N14,"") | L14: =IF(C14=A14,N14,"") | M14: =IF(D14=A14,N14,"")
A15: 14 | B15: =B14 -> 2 | C15: =C14 -> 1 | D15: =D14 -> 1 | E15: =IF(B15=A15,I15,"") | F15: =IF(C15=A15,I15,"") | G15: =IF(D15=A15,I15,"") | H15: Add to table | K15: =IF(A15=B15,N15,"") | L15: =IF(C15=A15,N15,"") | M15: =IF(D15=A15,N15,"")
A16: 15 | B16: =B15 -> 2 | C16: =C15 -> 1 | D16: =D15 -> 1 | E16: =IF(B16=A16,I16,"") | F16: =IF(C16=A16,I16,"") | G16: =IF(D16=A16,I16,"") | H16: Add to table | K16: =IF(A16=B16,N16,"") | L16: =IF(C16=A16,N16,"") | M16: =IF(D16=A16,N16,"")
A17: 16 | B17: =B16 -> 2 | C17: =C16 -> 1 | D17: =D16 -> 1 | E17: =IF(B17=A17,I17,"") | F17: =IF(C17=A17,I17,"") | G17: =IF(D17=A17,I17,"") | H17: Add to table | K17: =IF(A17=B17,N17,"") | L17: =IF(C17=A17,N17,"") | M17: =IF(D17=A17,N17,"")
... A21: 20 | B21: =B20 -> 2 | C21: =C20 -> 1 | D21: =D20 -> 1 | E21: =IF(B21=A21,I21,"") | F21: =IF(C21=A21,I21,"") | G21: =IF(D21=A21,I21,"") | H21: Add to table | K21: =IF(A21=B21,N21,"") | L21: =IF(C21=A21,N21,"") | M21: =IF(D21=A21,N21,"")
E23: =SUM(E2:E21) -> 2705 | F23: =SUM(F2:F21) -> 2840 | G23: =SUM(G2:G21) -> 2840 | K23: =SUM(K2:K21) -> 575 | L23: =SUM(L2:L21) -> 150 | M23: =SUM(M2:M21) -> 150

Sheet Basic Calcs 1km
A2: Dimensions
C4: Units | D4: Option 1 | E4: Option 2 | F4: Option 3 | G4: ISS | H4: Notes | I4: Source
A5: Outer Diameter | B5: D1 | C5: m | D5: 1000 | E5: 1000 | F5: 1000 | G5: 73 | H5: Inside diameter of the Seed Ring. ISS dimension relates to maximum length | I5: https://en.wikipedia.org/wiki/Electrical_system_of_the_International_Space_Station
A6: Section Outer Diameter | B6: d1 | C6: m | D6: 100 | E6: 100 | F6: 100 | H6: Outside diamter of the section - for the purposes of simplicity assumed to be circular
A7: Inner Diameter | B7: D2 | C7: m | D7: =SUM(D5-(2*D6)) -> 800 | E7: =SUM(E5-(2*E6)) -> 800 | F7: =SUM(F5-(2*F6)) -> 800
A8: Wall Thickness | B8: l1 | C8: m | D8: 0.5 | E8: 0.5 | F8: 0.5
A9: Section Area Outer | C9: m2 | D9: =SUM(3.1416/4*((D5*D5)-((D5-(2*D8))*(D5-(2*D8))))) -> 1570.0146 | E9: =SUM(3.1416/4*((E5*E5)-((E5-(2*E8))*(E5-(2*E8))))) -> 1570.0146 | F9: =SUM(3.1416/4*((F5*F5)-((F5-(2*F8))*(F5-(2*F8))))) -> 1570.0146 | H9: Area of the outer walls required to be fully covered by the print head
A10: Section Area Ground Floor | C10: m2 | D10: =(D5-(D8*2))*D8 -> 499.5 | E10: =(E5-(E8*2))*E8 -> 499.5 | F10: =(F5-(F8*2))*F8 -> 499.5 | H10: Area of the central floor area required to be fully covered by the print head
A11: Additional Print Area | C11: % | D11: 2 | E11: 2 | F11: 2 | H11: For further inner floors / walls as a percentage of the central floor section area
A12: Total Sectional Area | C12: m2 | D12: =D9+D10+(D10*D11) -> 3068.5146 | E12: =E9+E10+(E10*E11) -> 3068.5146 | F12: =F9+F10+(F10*F11) -> 3068.5146 | H12: This number is used in conjunction with the print nozzle size and print depth to calculate how many revolutions are required to cover the area
A13: Outer Torus Volume | B13: V1 | C13: m3 | D13: =SUM(3.1416*3.1416)*(D5/2+D7/2)*(D5/2-D7/2)*(D5/2-D7/2)/4 -> 22206714 | E13: =SUM(3.1416*3.1416)*(E5/2+E7/2)*(E5/2-E7/2)*(E5/2-E7/2)/4 -> 22206714 | F13: =SUM(3.1416*3.1416)*(F5/2+F7/2)*(F5/2-F7/2)*(F5/2-F7/2)/4 -> 22206714
A14: Inside Torus Outer Diameter | C14: m | D14: =D5-(D8*2) -> 999 | E14: =E5-(E8*2) -> 999 | F14: =F5-(F8*2) -> 999
A15: Inside Torus Inner Diameter | C15: m | D15: =D7+(D8*2) -> 801 | E15: =E7+(E8*2) -> 801 | F15: =F7+(F8*2) -> 801
A16: Inside Torus Volume | C16: m3 | D16: =SUM(3.1416*3.1416)*(D14/2+D15/2)*(D14/2-D15/2)*(D14/2-D15/2)/4 -> 21764800 | E16: =SUM(3.1416*3.1416)*(E14/2+E15/2)*(E14/2-E15/2)*(E14/2-E15/2)/4 -> 21764800 | F16: =SUM(3.1416*3.1416)*(F14/2+F15/2)*(F14/2-F15/2)*(F14/2-F15/2)/4 -> 21764800 | H16: Layer thickness
A17: Torus Shell Volume | C17: m3 | D17: =SUM(D13-D16) -> 441913.6 | E17: =SUM(E13-E16) -> 441913.6 | F17: =SUM(F13-F16) -> 441913.6
A18: Central floor Volume | C18: m3 | D18: =(3.1416*D8*D14*(D6-2*D8)) -> 155353.69 | E18: =(3.1416*E8*E14*(E6-2*E8)) -> 155353.69 | F18: =(3.1416*F8*F14*(F6-2*F8)) -> 155353.69 | H18: Volume associated with a ring shaped floor at the widest point wih a thickness equal to the outer wall
A19: Additional Print Volume | C19: m3 | D19: =SUM(D11*D18)+D18 -> 466061.07 | E19: =SUM(E11*E18)+E18 -> 466061.07 | F19: =SUM(F11*F18)+F18 -> 466061.07
A20: Internal Volume | C20: m3 | D20: =D16-D19 -> 21298739 | E20: =E16-E19 -> 21298739 | F20: =F16-F19 -> 21298739 | G20: 932 | I20: https://www.nasa.gov/feature/facts-and-figures
A21: Total Print Volume | C21: m3 | D21: =D17+D19 -> 907974.68 | E21: =E17+E19 -> 907974.68 | F21: =F17+F19 -> 907974.68
A22: People on Board | D22: 5000 | E22: 10000 | F22: 20000 | G22: 6
A23: Ground Floor Space | C23: m2 | D23: =3.1416*2*(D5-D7)*D6 -> 125664 | E23: =3.1416*2*(E5-E7)*E6 -> 125664 | F23: =3.1416*2*(F5-F7)*F6 -> 125664
A24: Average volume per person | C24: m3 | D24: =D20/D22/2 -> 2129.8739 | E24: =E20/E22/2 -> 1064.937 | F24: =F20/F22/2 -> 532.46848 | G24: =SUM(G20/G22) -> 155.33333 | H24: Approximate calculation assumes 50% of volume unusable
A25: Floor Space per person at 2.5 m ceiling | C25: m2 | D25: =D24/2.5 -> 851.94956 | E25: =E24/2.5 -> 425.97478 | F25: =F24/2.5 -> 212.98739 | H25: Approximate calculation does not consider curvature of structure. Assumes 2.5m room heights
A26: Total Mass of People | C26: Ton | D26: =SUM(D22*62)/1000 -> 310 | E26: =SUM(E22*62)/1000 -> 620 | F26: =SUM(F22*62)/1000 -> 1240 | H26: Excluding personal Possessions | I26: https://en.wikipedia.org/wiki/Human_body_weight
A28: Manufacturing Process
A30: Print Speed | C30: m/s | D30: 0.5 | E30: 0.5 | F30: 1 | H30: How fast the printer head moves relative to the surface being printed Current home 3D print speed. Aluminium extrusion in range of 5 - 50 m/min (0.08 - 0.8 m/s)
A31: Nozzle Diameter | C31: mm | D31: 4 | E31: 100 | F31: 100
A32: Print Depth | C32: mm | D32: 2 | E32: 20 | F32: 20
A33: Nozzle volumetric flow rate | C33: cm3/s | D33: =SUM(D31*D30*D32) -> 4 | E33: =SUM(E31*E30*E32) -> 1000 | F33: =SUM(F31*F30*F32) -> 2000 | H33: For all Nozzles
A34: Rotational Speed | C34: RPM | D34: =D30*60/(3.1416*D5) -> 0.0095492743 | E34: =E30*60/(3.1416*E5) -> 0.0095492743 | F34: =F30*60/(3.1416*F5) -> 0.019098549 | H34: Calculated from the print head speed at the outer diameter
A35: G-force outer edge (RCF) | D35: =D34*D34*1.118*0.001*(D5/2) -> 5.0974449e-05 | E35: =E34*E34*1.118*0.001*(E5/2) -> 5.0974449e-05 | F35: =F34*F34*1.118*0.001*(F5/2) -> 0.0002038978 | H35: Induced by rotation of ring
A36: Number of Print Head Nozzles | D36: 2000 | E36: 16 | F36: 16 | H36: Number of nozzles for the main construction material - separate print head are assumed for other materials
A37: Flow Rate per Nozzles | C37: kg/s | D37: =D38/D36 -> 0.01082 | E37: =E38/E36 -> 2.84 | F37: =F38/F36 -> 5.68
A38: Flow Rate All Nozzles | C38: kg/s | D38: =SUM(D33*D47*D36)/1000000 -> 21.64 | E38: =SUM(E33*E47*E36)/1000000 -> 45.44 | F38: =SUM(F33*F47*F36)/1000000 -> 90.88 | H38: Used in power sonsumption calculations
A39: Print Efficiency | C39: % | D39: 0.9 | E39: 0.9 | F39: 0.9 | H39: Tme Printing vs Time Not Printing NOT INCLUDING wall design desity
A40: Number of Complete Revolutions | C40: million | D40: =D12/(D31*D32*D36/1000000)/1000000 -> 0.19178216 | E40: =E12/(E31*E32*E36/1000000)/1000000 -> 0.095891081 | F40: =F12/(F31*F32*F36/1000000)/1000000 -> 0.095891081 | H40: Based upon the total sectional area divided by the print area (nozzle diameter x print depth x number of nozzles)
A41: Print Time | C41: days | D41: =((D40*1000000)/D34)/60/24/D39 -> 15496.472 | E41: =((E40*1000)/E34)/60/24/E39*1000 -> 7748.2361 | F41: =((F40*1000)/F34)/60/24/F39*1000 -> 3874.1181 | H41: Calculated using number of revolutions and rotaional speed
A42: Print Time | C42: years | D42: =SUM(D41)/365 -> 42.456088 | E42: =SUM(E41)/365 -> 21.228044 | F42: =SUM(F41)/365 -> 10.614022
A44: Material Requirements
A46: Main Structure Material
A47: Material Density | C47: kg/m3 | D47: ='Materials Table 1km'!E23 -> 2705 | E47: ='Materials Table 1km'!F23 -> 2840 | F47: ='Materials Table 1km'!G23 -> 2840 | H47: From Table
A48: Wall Design Density | C48: % | D48: 0.5 | E48: 0.8 | F48: 0.5
A49: Total Mass | C49: Tons | D49: =SUM(D21)*D47/1000*D48 -> 1228035.7 | E49: =SUM(E21)*E47/1000*E48 -> 2062918.5 | F49: =SUM(F21)*F47/1000*F48 -> 1289324 | G49: 420 | I49: https://www.nasa.gov/feature/facts-and-figures
A50: Proportion of moon | D50: =D49/POWER(7.33,22) -> 1.1400491e-13 | E50: =E49/POWER(7.33,22) -> 1.915114e-13 | F50: =F49/POWER(7.33,22) -> 1.1969462e-13 | H50: Mass of moon 7.35 x 10 22 kg | I50: https://www.space.com/18135-how-big-is-the-moon.html#:~:text=The%20moon%27s%20mass%20is%207.35%20x%2010%2022,3.34%20grams%20per%20cubic%20centimeter%20%283.34%20g%2Fcm%203%29.
A51: Raw Materials Production Rate | C51: tons /day | D51: =D49/D41 -> 79.246149 | E51: =E49/E41 -> 266.24362 | F51: =F49/F41 -> 332.80453 | H51: For comparision at rates of 15 meters per day a tunnel boring machine excavates a volume of material which at moon rock density is 2,000 tons per day. | I51: https://www.encardio.com/blog/all-about-tunnel-boring-machine-components-types-advantages/ | K51: =3.1416*15*7.9*7.9/4 -> 735.25221
A52: Falcon Heavy Lifts | D52: =SUM(D49/64) -> 19188.059 | E52: =SUM(E49/64) -> 32233.101 | F52: =SUM(F49/64) -> 20145.688 | H52: 64 Ton lift capacity. Not applicable for moon rock | I52: https://arstechnica.com/science/2018/02/three-years-of-sls-development-could-buy-86-falcon-heavy-launches/ | K52: =SUM(K51*F47)/1000 -> 2088.1163
A53: Launch Cost | C53: $m | D53: 150 | E53: 150 | F53: 150 | H53: Assumed $150m per launch | I53: https://arstechnica.com/science/2018/02/three-years-of-sls-development-could-buy-86-falcon-heavy-launches/
A54: Lifts frequency | C54: days | D54: =SUM(365/(D52/D42)) -> 0.80761022 | E54: =SUM(365/(E52/E42)) -> 0.24038134 | F54: =SUM(365/(F52/F42)) -> 0.19230508
A55: Lift Cost | C55: $bn | D55: =SUM(D52*D53/1000) -> 2878.2088 | E55: =SUM(E52*E53/1000) -> 4834.9652 | F55: =SUM(F52*F53/1000) -> 3021.8532
A57: Power Requirements
A59: Melt Energy | C59: GJ/ton | D59: ='Materials Table 1km'!K$23*3600/1000000 -> 2.07 | E59: ='Materials Table 1km'!L$23*3600/1000000 -> 0.54 | F59: ='Materials Table 1km'!M$23*3600/1000000 -> 0.54
A60: Total Energy | C60: GJ | D60: =SUM(D49*D59) -> 2542034 | E60: =SUM(E49*E59) -> 1113976 | F60: =SUM(F49*F59) -> 696234.98
A61: Process Efficiency | C61: % | D61: 0.7 | E61: 0.7 | F61: 0.7 | H61: Inefficiencies in overall system such melt vessel heat loses and power transmission loses
A62: Continuous Power | C62: kW | D62: =D59*1000*D38/D61 -> 63992.571 | E62: =E59*1000*E38/E61 -> 35053.714 | F62: =F59*1000*F38/F61 -> 70107.429 | G62: 120 | H62: Calculated by assuming all nozzles are concurrently printing at the flow rates For additional comparison nuclear power station range up to 8 MW
A63: Solar energy in orbit | C63: W/m2 | D63: 1365 | E63: 1365 | F63: 1365 | H63: The location of the manufacturing site relative to the position of the sun, earth and moon will impact this number | I63: https://www.solarenspace.com/solaren-space-solar/ssp-overview/
A64: Panel Efficiency | C64: % | D64: 0.4 | E64: 0.4 | F64: 0.4
A65: Theoretical Minimum Panel Size | C65: m2 | D65: =SUM(D62/D63)*1000/D64 -> 117202.51 | E65: =SUM(E62/E63)*1000/E64 -> 64200.942 | F65: =SUM(F62/F63)*1000/F64 -> 128401.88 | H65: Assumes continuous line of site to the sun | I65: https://www.nasa.gov/mission_pages/station/structure/elements/solar_arrays-about.html
A66: Square Sides | C66: m | D66: =SQRT(D65) -> 342.34852 | E66: =SQRT(E65) -> 253.37905 | F66: =SQRT(F65) -> 358.33209 | G66: =SQRT(G68) -> 50 | H66: Dimensions of square panel
A67: Diameter | C67: m | D67: =SQRT(D65*4/3.14) -> 386.3969 | E67: =SQRT(E65*4/3.14) -> 285.98014 | F67: =SQRT(F65*4/3.14) -> 404.43699 | G67: =SQRT(G68*4/3.14) -> 56.433265 | H67: Equivalent size of the circular panel
A68: Panel Size Using ISS panel size / power ratio | C68: m2 | D68: =D62/$G62*$G68/D61 -> 1904540.8 | E68: =E62/$G62*$G68/E61 -> 1043265.3 | F68: =F62/$G62*$G68/F61 -> 2086530.6 | G68: 2500 | H68: Assumes a worst case.
A69: Square Sides | C69: m | D69: =SQRT(D68) -> 1380.051 | E69: =SQRT(E68) -> 1021.4036 | F69: =SQRT(F68) -> 1444.4828
A70: Diameter | C70: m | D70: =SQRT(D68*4/3.14) -> 1557.6157 | E70: =SQRT(E68*4/3.14) -> 1152.8228 | F70: =SQRT(F68*4/3.14) -> 1630.3376
A72: Value to be entered
A73: Value from external source
A74: Calculated Value

Sheet Charts 1km
B1: Version 1 | C1: Version 2 | D1: Version 3 | H1: Version 1 | I1: Version 2 | J1: Version 3
A2: Wall Thickness | B2: ='Basic Calcs 1km'!D8*100 -> 50 | C2: ='Basic Calcs 1km'!E8*100 -> 50 | D2: ='Basic Calcs 1km'!F8*100 -> 50 | E2: cm | G2: Wall Thickness | H2: 2 | I2: 5 | J2: 10
A3: Print Time | B3: ='Basic Calcs 1km'!D42 -> 42.456088 | C3: ='Basic Calcs 1km'!E42 -> 21.228044 | D3: ='Basic Calcs 1km'!F42 -> 10.614022 | E3: years | G3: Print Time | H3: 1.0791824 | I3: 2.6836218 | J3: 5.3195182
A5: Wall Thickness | B5: =B2 -> 50 | C5: =C2 -> 50 | D5: =D2 -> 50
A6: Falcon Heavy Lifts | B6: ='Basic Calcs 1km'!D52 -> 19188.059 | C6: ='Basic Calcs 1km'!E52 -> 32233.101 | D6: ='Basic Calcs 1km'!F52 -> 20145.688
A8: Total Print Volume | B8: ='Basic Calcs 1km'!D21 -> 907974.68 | C8: ='Basic Calcs 1km'!E21 -> 907974.68 | D8: ='Basic Calcs 1km'!F21 -> 907974.68 | E8: m3
A9: People on Board | B9: ='Basic Calcs 1km'!D22 -> 5000 | C9: ='Basic Calcs 1km'!E22 -> 10000 | D9: ='Basic Calcs 1km'!F22 -> 20000
A10: Average volume per person | B10: ='Basic Calcs 1km'!D24 -> 2129.8739 | C10: ='Basic Calcs 1km'!E24 -> 1064.937 | D10: ='Basic Calcs 1km'!F24 -> 532.46848 | E10: m3
A11: Total Mass | B11: ='Basic Calcs 1km'!D49 -> 1228035.7 | C11: ='Basic Calcs 1km'!E49 -> 2062918.5 | D11: ='Basic Calcs 1km'!F49 -> 1289324 | E11: Tonnes
A13: Lifts frequency | B13: ='Basic Calcs 1km'!D54 -> 0.80761022 | C13: ='Basic Calcs 1km'!E54 -> 0.24038134 | D13: ='Basic Calcs 1km'!F54 -> 0.19230508 | E13: days
A15: Continuous Power | B15: ='Basic Calcs 1km'!D62 -> 63992.571 | C15: ='Basic Calcs 1km'!E62 -> 35053.714 | D15: ='Basic Calcs 1km'!F62 -> 70107.429 | E15: kW
A16: Theroretical Minimum Panel Size | B16: ='Basic Calcs 1km'!D65 -> 117202.51 | C16: ='Basic Calcs 1km'!E65 -> 64200.942 | D16: ='Basic Calcs 1km'!F65 -> 128401.88 | E16: m2

Sheet Materials Table 1km
E1: 1 | F1: 2 | G1: 3 | H1: Material | I1: Density kg/m3 | J1: Notes / Source | N1: Melt Energy kWhrs/ton | O1: Notes / Source
A2: 1 | B2: 2 | C2: 1 | D2: 1 | E2: =IF(B2=A2,I2,"") | F2: =IF(C2=A2,I2,"") -> 2840 | G2: =IF(D2=A2,I2,"") -> 2840 | H2: ='Materials Properties'!H2 -> Moon Rock | I2: ='Materials Properties'!I2 -> 2840 | J2: http://www.psrd.hawaii.edu/CosmoSparks/July12/Lunar-rock-densities.html | K2: =IF(A2=B2,N2,"") | L2: =IF(C2=A2,N2,"") -> 150 | M2: =IF(D2=A2,N2,"") -> 150 | N2: ='Materials Properties'!N2 -> 150 | O2: Assumed to be that of substrate material. Estimate only
A3: 2 | B3: =B2 -> 2 | C3: =C2 -> 1 | D3: =D2 -> 1 | E3: =IF(B3=A3,I3,"") -> 2705 | F3: =IF(C3=A3,I3,"") | G3: =IF(D3=A3,I3,"") | H3: ='Materials Properties'!H3 -> Auminium | I3: ='Materials Properties'!I3 -> 2705 | J3: https://theengineeringmindset.com/density-of-metals/ | K3: =IF(A3=B3,N3,"") -> 575 | L3: =IF(C3=A3,N3,"") | M3: =IF(D3=A3,N3,"") | N3: ='Materials Properties'!N3 -> 575 | O3: https://electroheatinduction.com/how-to-calculate-electricity-cost-for-melting-metal-in-induction-melting-furnace/
A4: 3 | B4: =B3 -> 2 | C4: =C3 -> 1 | D4: =D3 -> 1 | E4: =IF(B4=A4,I4,"") | F4: =IF(C4=A4,I4,"") | G4: =IF(D4=A4,I4,"") | H4: ='Materials Properties'!H4 -> Steel | I4: ='Materials Properties'!I4 -> 7850 | J4: https://theengineeringmindset.com/density-of-metals/ | K4: =IF(A4=B4,N4,"") | L4: =IF(C4=A4,N4,"") | M4: =IF(D4=A4,N4,"") | N4: ='Materials Properties'!N4 -> 600 | O4: https://electroheatinduction.com/how-to-calculate-electricity-cost-for-melting-metal-in-induction-melting-furnace/
A5: 4 | B5: =B4 -> 2 | C5: =C4 -> 1 | D5: =D4 -> 1 | E5: =IF(B5=A5,I5,"") | F5: =IF(C5=A5,I5,"") | G5: =IF(D5=A5,I5,"") | H5: ='Materials Properties'!H5 -> High Impact ABS | I5: ='Materials Properties'!I5 -> 1100 | J5: https://omnexus.specialchem.com/polymer-properties/properties/density | K5: =IF(A5=B5,N5,"") | L5: =IF(C5=A5,N5,"") | M5: =IF(D5=A5,N5,"") | N5: ='Materials Properties'!N5 -> 100.22994 | O5: https://www.ptonline.com/articles/injection-molding-#:~:text=A%20kilogram%20of%20a%20semi-crystalline%20resin%2C%20such%20as,vs.%20342%29%2C%20yet%20their%20processing%20temperatures%20are%20similar.
A6: 5 | B6: =B5 -> 2 | C6: =C5 -> 1 | D6: =D5 -> 1 | E6: =IF(B6=A6,I6,"") | F6: =IF(C6=A6,I6,"") | G6: =IF(D6=A6,I6,"") | H6: ='Materials Properties'!H6 -> Add to table | I6: ='Materials Properties'!I6 -> 0 | K6: =IF(A6=B6,N6,"") | L6: =IF(C6=A6,N6,"") | M6: =IF(D6=A6,N6,"") | N6: ='Materials Properties'!N6 -> 0
A7: 6 | B7: =B6 -> 2 | C7: =C6 -> 1 | D7: =D6 -> 1 | E7: =IF(B7=A7,I7,"") | F7: =IF(C7=A7,I7,"") | G7: =IF(D7=A7,I7,"") | H7: ='Materials Properties'!H7 -> Add to table | I7: ='Materials Properties'!I7 -> 0 | K7: =IF(A7=B7,N7,"") | L7: =IF(C7=A7,N7,"") | M7: =IF(D7=A7,N7,"") | N7: ='Materials Properties'!N7 -> 0
A8: 7 | B8: =B7 -> 2 | C8: =C7 -> 1 | D8: =D7 -> 1 | E8: =IF(B8=A8,I8,"") | F8: =IF(C8=A8,I8,"") | G8: =IF(D8=A8,I8,"") | H8: ='Materials Properties'!H8 -> Add to table | I8: ='Materials Properties'!I8 -> 0 | K8: =IF(A8=B8,N8,"") | L8: =IF(C8=A8,N8,"") | M8: =IF(D8=A8,N8,"") | N8: ='Materials Properties'!N8 -> 0
A9: 8 | B9: =B8 -> 2 | C9: =C8 -> 1 | D9: =D8 -> 1 | E9: =IF(B9=A9,I9,"") | F9: =IF(C9=A9,I9,"") | G9: =IF(D9=A9,I9,"") | H9: ='Materials Properties'!H9 -> Add to table | I9: ='Materials Properties'!I9 -> 0 | K9: =IF(A9=B9,N9,"") | L9: =IF(C9=A9,N9,"") | M9: =IF(D9=A9,N9,"") | N9: ='Materials Properties'!N9 -> 0
A10: 9 | B10: =B9 -> 2 | C10: =C9 -> 1 | D10: =D9 -> 1 | E10: =IF(B10=A10,I10,"") | F10: =IF(C10=A10,I10,"") | G10: =IF(D10=A10,I10,"") | H10: ='Materials Properties'!H10 -> Add to table | I10: ='Materials Properties'!I10 -> 0 | K10: =IF(A10=B10,N10,"") | L10: =IF(C10=A10,N10,"") | M10: =IF(D10=A10,N10,"") | N10: ='Materials Properties'!N10 -> 0
A11: 10 | B11: =B10 -> 2 | C11: =C10 -> 1 | D11: =D10 -> 1 | E11: =IF(B11=A11,I11,"") | F11: =IF(C11=A11,I11,"") | G11: =IF(D11=A11,I11,"") | H11: ='Materials Properties'!H11 -> Add to table | I11: ='Materials Properties'!I11 -> 0 | K11: =IF(A11=B11,N11,"") | L11: =IF(C11=A11,N11,"") | M11: =IF(D11=A11,N11,"") | N11: ='Materials Properties'!N11 -> 0
A12: 11 | B12: =B11 -> 2 | C12: =C11 -> 1 | D12: =D11 -> 1 | E12: =IF(B12=A12,I12,"") | F12: =IF(C12=A12,I12,"") | G12: =IF(D12=A12,I12,"") | H12: ='Materials Properties'!H12 -> Add to table | I12: ='Materials Properties'!I12 -> 0 | K12: =IF(A12=B12,N12,"") | L12: =IF(C12=A12,N12,"") | M12: =IF(D12=A12,N12,"") | N12: ='Materials Properties'!N12 -> 0
A13: 12 | B13: =B12 -> 2 | C13: =C12 -> 1 | D13: =D12 -> 1 | E13: =IF(B13=A13,I13,"") | F13: =IF(C13=A13,I13,"") | G13: =IF(D13=A13,I13,"") | H13: ='Materials Properties'!H13 -> Add to table | I13: ='Materials Properties'!I13 -> 0 | K13: =IF(A13=B13,N13,"") | L13: =IF(C13=A13,N13,"") | M13: =IF(D13=A13,N13,"") | N13: ='Materials Properties'!N13 -> 0
A14: 13 | B14: =B13 -> 2 | C14: =C13 -> 1 | D14: =D13 -> 1 | E14: =IF(B14=A14,I14,"") | F14: =IF(C14=A14,I14,"") | G14: =IF(D14=A14,I14,"") | H14: ='Materials Properties'!H14 -> Add to table | I14: ='Materials Properties'!I14 -> 0 | K14: =IF(A14=B14,N14,"") | L14: =IF(C14=A14,N14,"") | M14: =IF(D14=A14,N14,"") | N14: ='Materials Properties'!N14 -> 0
A15: 14 | B15: =B14 -> 2 | C15: =C14 -> 1 | D15: =D14 -> 1 | E15: =IF(B15=A15,I15,"") | F15: =IF(C15=A15,I15,"") | G15: =IF(D15=A15,I15,"") | H15: ='Materials Properties'!H15 -> Add to table | I15: ='Materials Properties'!I15 -> 0 | K15: =IF(A15=B15,N15,"") | L15: =IF(C15=A15,N15,"") | M15: =IF(D15=A15,N15,"") | N15: ='Materials Properties'!N15 -> 0
A16: 15 | B16: =B15 -> 2 | C16: =C15 -> 1 | D16: =D15 -> 1 | E16: =IF(B16=A16,I16,"") | F16: =IF(C16=A16,I16,"") | G16: =IF(D16=A16,I16,"") | H16: ='Materials Properties'!H16 -> Add to table | I16: ='Materials Properties'!I16 -> 0 | K16: =IF(A16=B16,N16,"") | L16: =IF(C16=A16,N16,"") | M16: =IF(D16=A16,N16,"") | N16: ='Materials Properties'!N16 -> 0
A17: 16 | B17: =B16 -> 2 | C17: =C16 -> 1 | D17: =D16 -> 1 | E17: =IF(B17=A17,I17,"") | F17: =IF(C17=A17,I17,"") | G17: =IF(D17=A17,I17,"") | H17: ='Materials Properties'!H17 -> Add to table | I17: ='Materials Properties'!I17 -> 0 | K17: =IF(A17=B17,N17,"") | L17: =IF(C17=A17,N17,"") | M17: =IF(D17=A17,N17,"") | N17: ='Materials Properties'!N17 -> 0
... A21: 20 | B21: =B20 -> 2 | C21: =C20 -> 1 | D21: =D20 -> 1 | E21: =IF(B21=A21,I21,"") | F21: =IF(C21=A21,I21,"") | G21: =IF(D21=A21,I21,"") | H21: ='Materials Properties'!H21 -> Add to table | I21: ='Materials Properties'!I21 -> 0 | K21: =IF(A21=B21,N21,"") | L21: =IF(C21=A21,N21,"") | M21: =IF(D21=A21,N21,"") | N21: ='Materials Properties'!N21 -> 0
E23: =SUM(E2:E21) -> 2705 | F23: =SUM(F2:F21) -> 2840 | G23: =SUM(G2:G21) -> 2840 | K23: =SUM(K2:K21) -> 575 | L23: =SUM(L2:L21) -> 150 | M23: =SUM(M2:M21) -> 150

Sheet Basic Calcs 10km
A2: Dimensions
C4: Units | D4: Option 1 | E4: Option 2 | F4: Option 3 | G4: ISS | H4: Notes | I4: Source
A5: Outer Diameter | B5: D1 | C5: m | D5: 10000 | E5: 10000 | F5: 10000 | G5: 73 | H5: Inside diameter of the Seed Ring. ISS dimension relates to maximum length | I5: https://en.wikipedia.org/wiki/Electrical_system_of_the_International_Space_Station
A6: Section Outer Diameter | B6: d1 | C6: m | D6: 1000 | E6: 1000 | F6: 1000 | H6: Outside diamter of the section - for the purposes of simplicity assumed to be circular
A7: Inner Diameter | B7: D2 | C7: m | D7: =SUM(D5-(2*D6)) -> 8000 | E7: =SUM(E5-(2*E6)) -> 8000 | F7: =SUM(F5-(2*F6)) -> 8000
A8: Wall Thickness | B8: l1 | C8: m | D8: 10 | E8: 10 | F8: 10
A9: Section Area Outer | C9: m2 | D9: =SUM(3.1416/4*((D5*D5)-((D5-(2*D8))*(D5-(2*D8))))) -> 313845.84 | E9: =SUM(3.1416/4*((E5*E5)-((E5-(2*E8))*(E5-(2*E8))))) -> 313845.84 | F9: =SUM(3.1416/4*((F5*F5)-((F5-(2*F8))*(F5-(2*F8))))) -> 313845.84 | H9: Area of the outer walls required to be fully covered by the print head
A10: Section Area Ground Floor | C10: m2 | D10: =(D5-(D8*2))*D8 -> 99800 | E10: =(E5-(E8*2))*E8 -> 99800 | F10: =(F5-(F8*2))*F8 -> 99800 | H10: Area of the central floor area required to be fully covered by the print head
A11: Additional Print Area | C11: % | D11: 40 | E11: 40 | F11: 40 | H11: For further inner floors / walls as a percentage of the central floor section area
A12: Total Sectional Area | C12: m2 | D12: =D9+D10+(D10*D11) -> 4405645.8 | E12: =E9+E10+(E10*E11) -> 4405645.8 | F12: =F9+F10+(F10*F11) -> 4405645.8 | H12: This number is used in conjunction with the print nozzle size and print depth to calculate how many revolutions are required to cover the area
A13: Outer Torus Volume | B13: V1 | C13: m3 | D13: =SUM(3.1416*3.1416)*(D5/2+D7/2)*(D5/2-D7/2)*(D5/2-D7/2)/4 -> 2.2206714e+10 | E13: =SUM(3.1416*3.1416)*(E5/2+E7/2)*(E5/2-E7/2)*(E5/2-E7/2)/4 -> 2.2206714e+10 | F13: =SUM(3.1416*3.1416)*(F5/2+F7/2)*(F5/2-F7/2)*(F5/2-F7/2)/4 -> 2.2206714e+10
A14: Inside Torus Outer Diameter | C14: m | D14: =D5-(D8*2) -> 9980 | E14: =E5-(E8*2) -> 9980 | F14: =F5-(F8*2) -> 9980
A15: Inside Torus Inner Diameter | C15: m | D15: =D7+(D8*2) -> 8020 | E15: =E7+(E8*2) -> 8020 | F15: =F7+(F8*2) -> 8020
A16: Inside Torus Volume | C16: m3 | D16: =SUM(3.1416*3.1416)*(D14/2+D15/2)*(D14/2-D15/2)*(D14/2-D15/2)/4 -> 2.1327328e+10 | E16: =SUM(3.1416*3.1416)*(E14/2+E15/2)*(E14/2-E15/2)*(E14/2-E15/2)/4 -> 2.1327328e+10 | F16: =SUM(3.1416*3.1416)*(F14/2+F15/2)*(F14/2-F15/2)*(F14/2-F15/2)/4 -> 2.1327328e+10 | H16: Layer thickness
A17: Torus Shell Volume | C17: m3 | D17: =SUM(D13-D16) -> 8.7938586e+08 | E17: =SUM(E13-E16) -> 8.7938586e+08 | F17: =SUM(F13-F16) -> 8.7938586e+08
A18: Central floor Volume | C18: m3 | D18: =(3.1416*D8*D14*(D6-2*D8)) -> 3.0726105e+08 | E18: =(3.1416*E8*E14*(E6-2*E8)) -> 3.0726105e+08 | F18: =(3.1416*F8*F14*(F6-2*F8)) -> 3.0726105e+08 | H18: Volume associated with a ring shaped floor at the widest point wih a thickness equal to the outer wall
A19: Additional Print Volume | C19: m3 | D19: =SUM(D11*D18)+D18 -> 1.2597703e+10 | E19: =SUM(E11*E18)+E18 -> 1.2597703e+10 | F19: =SUM(F11*F18)+F18 -> 1.2597703e+10
A20: Internal Volume | C20: m3 | D20: =D16-D19 -> 8.729625e+09 | E20: =E16-E19 -> 8.729625e+09 | F20: =F16-F19 -> 8.729625e+09 | G20: 932 | I20: https://www.nasa.gov/feature/facts-and-figures
A21: Internal Volume | C21: km3 | D21: =D20/1000000000 -> 8.729625 | E21: =E20/1000000000 -> 8.729625 | F21: =F20/1000000000 -> 8.729625
A22: Total Print Volume | C22: m3 | D22: =D17+D19 -> 1.3477089e+10 | E22: =E17+E19 -> 1.3477089e+10 | F22: =F17+F19 -> 1.3477089e+10
A23: Total Print Volume | C23: km3 | D23: =D22/1000000000 -> 13.477089 | E23: =E22/1000000000 -> 13.477089 | F23: =F22/1000000000 -> 13.477089
A24: People on Board | D24: 1000000 | E24: 5000000 | F24: 10000000 | G24: 6
A25: Ground Floor Space | C25: m2 | D25: =3.1416*2*(D5-D7)*D6 -> 12566400 | E25: =3.1416*2*(E5-E7)*E6 -> 12566400 | F25: =3.1416*2*(F5-F7)*F6 -> 12566400
A26: Ground Floor Space | C26: km2 | D26: =D25/1000000 -> 12.5664 | E26: =E25/1000000 -> 12.5664 | F26: =F25/1000000 -> 12.5664
A27: Average volume per person | C27: m3 | D27: =D20/D24/2 -> 4364.8125 | E27: =E20/E24/2 -> 872.9625 | F27: =F20/F24/2 -> 436.48125 | G27: =SUM(G20/G24) -> 155.33333 | H27: Approximate calculation assumes 50% of volume unusable
A28: Floor Space per person at 2.5 m ceiling | C28: m2 | D28: =D27/2.5 -> 1745.925 | E28: =E27/2.5 -> 349.185 | F28: =F27/2.5 -> 174.5925 | H28: Approximate calculation does not consider curvature of structure. Assumes 2.5m room heights
A29: Total Mass of People | C29: Ton | D29: =SUM(D24*62)/1000 -> 62000 | E29: =SUM(E24*62)/1000 -> 310000 | F29: =SUM(F24*62)/1000 -> 620000 | H29: Excluding personal Possessions | I29: https://en.wikipedia.org/wiki/Human_body_weight
A31: Manufacturing Process
A33: Print Speed | C33: m/s | D33: 1 | E33: 5 | F33: 8 | H33: How fast the printer head moves relative to the surface being printed Current home 3D print speed. Aluminium extrusion in range of 5 - 50 m/min (0.08 - 0.8 m/s)
A34: Nozzle Diameter | C34: mm | D34: 2000 | E34: 500 | F34: 1000
A35: Print Depth | C35: mm | D35: 1000 | E35: 250 | F35: 250
A36: Nozzle volumetric flow rate | C36: cm3/s | D36: =SUM(D34*D33*D35) -> 2000000 | E36: =SUM(E34*E33*E35) -> 625000 | F36: =SUM(F34*F33*F35) -> 2000000 | H36: For all Nozzles
A37: Rotational Speed | C37: RPM | D37: =D33*60/(3.1416*D5) -> 0.0019098549 | E37: =E33*60/(3.1416*E5) -> 0.0095492743 | F37: =F33*60/(3.1416*F5) -> 0.015278839 | H37: Calculated from the print head speed at the outer diameter
A38: G-force outer edge (RCF) | D38: =D37*D37*1.118*0.001*(D5/2) -> 2.038978e-05 | E38: =E37*E37*1.118*0.001*(E5/2) -> 0.00050974449 | F38: =F37*F37*1.118*0.001*(F5/2) -> 0.0013049459 | H38: Induced by rotation of ring
A39: Number of Print Head Nozzles | D39: 250 | E39: 500 | F39: 100 | H39: Number of nozzles for the main construction material - separate print head are assumed for other materials
A40: Flow Rate per Nozzles | C40: kg/s | D40: =D41/D39 -> 5680 | E40: =E41/E39 -> 1775 | F40: =F41/F39 -> 5680
A41: Flow Rate All Nozzles | C41: kg/s | D41: =SUM(D36*D51*D39)/1000000 -> 1420000 | E41: =SUM(E36*E51*E39)/1000000 -> 887500 | F41: =SUM(F36*F51*F39)/1000000 -> 568000 | H41: Used in power sonsumption calculations
A42: Flow Rate All Nozzles | C42: Ton/s | D42: =D41/1000 -> 1420 | E42: =E41/1000 -> 887.5 | F42: =F41/1000 -> 568
A43: Print Efficiency | C43: % | D43: 0.9 | E43: 0.9 | F43: 0.9 | H43: Tme Printing vs Time Not Printing NOT INCLUDING wall design desity
A44: Number of Complete Revolutions | C44: million | D44: =D12/(D34*D35*D39/1000000)/1000000 -> 0.0088112917 | E44: =E12/(E34*E35*E39/1000000)/1000000 -> 0.070490333 | F44: =F12/(F34*F35*F39/1000000)/1000000 -> 0.17622583 | H44: Based upon the total sectional area divided by the print area (nozzle diameter x print depth x number of nozzles)
A45: Print Time | C45: days | D45: =((D44*1000)/D37)/60/24/D43*1000 -> 3559.8706 | E45: =((E44*1000)/E37)/60/24/E43*1000 -> 5695.793 | F45: =((F44*1000)/F37)/60/24/F43*1000 -> 8899.6766 | H45: Calculated using number of revolutions and rotaional speed
A46: Print Time | C46: years | D46: =SUM(D45)/365 -> 9.7530702 | E46: =SUM(E45)/365 -> 15.604912 | F46: =SUM(F45)/365 -> 24.382675
A48: Material Requirements
A50: Main Structure Material
A51: Material Density | C51: kg/m3 | D51: ='Materials Table 100km'!E23 -> 2840 | E51: ='Materials Table 100km'!F23 -> 2840 | F51: ='Materials Table 100km'!G23 -> 2840 | H51: From Table
A52: Wall Design Density | C52: % | D52: 0.5 | E52: 0.5 | F52: 0.5
A53: Total Mass | C53: Tonnes | D53: =SUM(D22)*D51/1000*D52 -> 1.9137466e+10 | E53: =SUM(E22)*E51/1000*E52 -> 1.9137466e+10 | F53: =SUM(F22)*F51/1000*F52 -> 1.9137466e+10 | G53: 420 | I53: https://www.nasa.gov/feature/facts-and-figures
A54: Proportion of moon | C54: % | D54: =D53/POWER(7.33,22) -> 1.77663e-09 | E54: =E53/POWER(7.33,22) -> 1.77663e-09 | F54: =F53/POWER(7.33,22) -> 1.77663e-09 | H54: Mass of moon 7.35 x 10 22 kg | I54: https://www.space.com/18135-how-big-is-the-moon.html#:~:text=The%20moon%27s%20mass%20is%207.35%20x%2010%2022,3.34%20grams%20per%20cubic%20centimeter%20%283.34%20g%2Fcm%203%29.
A55: Raw Materials Production Rate | C55: tonnes /day | D55: =D53/D45 -> 5375888.1 | E55: =E53/E45 -> 3359930.1 | F55: =F53/F45 -> 2150355.2 | H55: The great pyramid is estimated to weight 6 million tons | I55: https://en.wikipedia.org/wiki/Great_Pyramid_of_Giza#:~:text=It%20is%20estimated%20that%20the%20pyramid%20weighs%20approximately,is%20seen%20today%20is%20the%20underlying%20core%20structure.
A56: Falcon Heavy Lifts | D56: =SUM(D53/64) -> 2.9902291e+08 | E56: =SUM(E53/64) -> 2.9902291e+08 | F56: =SUM(F53/64) -> 2.9902291e+08 | H56: 64 Ton lift capacity. Not applicable for moon rock | I56: https://arstechnica.com/science/2018/02/three-years-of-sls-development-could-buy-86-falcon-heavy-launches/
A57: Launch Cost | C57: $m | D57: 150 | E57: 150 | F57: 150 | H57: Assumed $150m per launch | I57: https://arstechnica.com/science/2018/02/three-years-of-sls-development-could-buy-86-falcon-heavy-launches/
A58: Lifts frequency | C58: days | D58: =SUM(365/(D56/D46)) -> 1.190501e-05 | E58: =SUM(365/(E56/E46)) -> 1.9048016e-05 | F58: =SUM(365/(F56/F46)) -> 2.9762524e-05
A59: Lift Cost | C59: $bn | D59: =SUM(D56*D57/1000) -> 44853436 | E59: =SUM(E56*E57/1000) -> 44853436 | F59: =SUM(F56*F57/1000) -> 44853436
A61: Power Requirements
A63: Melt Energy | C63: GJ/ton | D63: ='Materials Table 100km'!K$23*3600/1000000 -> 0.54 | E63: ='Materials Table 100km'!L$23*3600/1000000 -> 0.54 | F63: ='Materials Table 100km'!M$23*3600/1000000 -> 0.54
A64: Total Energy | C64: GJ | D64: =SUM(D53*D63) -> 1.0334232e+10 | E64: =SUM(E53*E63) -> 1.0334232e+10 | F64: =SUM(F53*F63) -> 1.0334232e+10
A65: Process Efficiency | C65: % | D65: 0.7 | E65: 0.7 | F65: 0.7 | H65: Inefficiencies in overall system such melt vessel heat loses and power transmission loses
A66: Continuous Power | C66: GW | D66: =D63*1000*D41/D65/1000000 -> 1095.4286 | E66: =E63*1000*E41/E65/1000000 -> 684.64286 | F66: =F63*1000*F41/F65/1000000 -> 438.17143 | G66: 120 | H66: Calculated by assuming all nozzles are concurrently printing at the flow rates For additional comparison nuclear power station range up to 8 GW
A67: Solar energy in orbit | C67: W/m2 | D67: 1365 | E67: 1365 | F67: 1365 | H67: The location of the manufacturing site relative to the position of the sun, earth and moon will impact this number | I67: https://www.solarenspace.com/solaren-space-solar/ssp-overview/
A68: Panel Efficiency | C68: % | D68: 0.4 | E68: 0.4 | F68: 0.4
A69: Theoretical Minimum Panel Size | C69: m2 | D69: =SUM(D66*1000000/D67)*1000/D68 -> 2.0062794e+09 | E69: =SUM(E66*1000000/E67)*1000/E68 -> 1.2539246e+09 | F69: =SUM(F66*1000000/F67)*1000/F68 -> 8.0251177e+08 | H69: Assumes continuous line of site to the sun | I69: https://www.nasa.gov/mission_pages/station/structure/elements/solar_arrays-about.html
A70: Square Sides | C70: m | D70: =SQRT(D69) -> 44791.511 | E70: =SQRT(E69) -> 35410.798 | F70: =SQRT(F69) -> 28328.639 | G70: =SQRT(G72) -> 50 | H70: Dimensions of square panel
A71: Diameter | C71: m | D71: =SQRT(D69*4/3.14) -> 50554.624 | E71: =SQRT(E69*4/3.14) -> 39966.939 | F71: =SQRT(F69*4/3.14) -> 31973.551 | G71: =SQRT(G72*4/3.14) -> 56.433265 | H71: Equivalent size of the circular panel
A72: Panel Size Using ISS panel size / power ratio | C72: m2 | D72: =D66/$G66*1000000*$G72/D65 -> 3.2602041e+10 | E72: =E66/$G66*1000000*$G72/E65 -> 2.0376276e+10 | F72: =F66/$G66*1000000*$G72/F65 -> 1.3040816e+10 | G72: 2500 | H72: Assumes a worst case.
A73: Square Sides | C73: m | D73: =SQRT(D72) -> 180560.35 | E73: =SQRT(E72) -> 142745.49 | F73: =SQRT(F72) -> 114196.39
A74: Diameter | C74: m | D74: =SQRT(D72*4/3.14) -> 203792.2 | E74: =SQRT(E72*4/3.14) -> 161111.88 | F74: =SQRT(F72*4/3.14) -> 128889.51
A76: Value to be entered
A77: Value from external source
A78: Calculated Value

Sheet Data for Figures
A1: Print Speed | B1: 0.5 | C1: m/s | D1: =CONCATENATE(A1," ",B1," ",C1) -> Print Speed 0.5 m/s
A2: Nozzle Diameter | B2: 4 | C2: mm | D2: =CONCATENATE(A2," ",B2," ",C2) -> Nozzle Diameter 4 mm
A3: Print Depth | B3: 2 | C3: mm | D3: =CONCATENATE(A3," ",B3," ",C3) -> Print Depth 2 mm
A4: Nozzle volumetric flow rate | B4: 4 | C4: cm3/s | D4: =CONCATENATE(A4," ",B4," ",C4) -> Nozzle volumetric flow rate 4 cm3/s
A5: Flow Rate per Nozzles | B5: 0.01082 | C5: kg/s | D5: =CONCATENATE(A5," ",B5," ",C5) -> Flow Rate per Nozzles 0.01082 kg/s
A8: Print Speed | B8: 1 | C8: m/s | D8: =CONCATENATE(A8," ",B8," ",C8) -> Print Speed 1 m/s
A9: Nozzle Diameter | B9: 100 | C9: mm | D9: =CONCATENATE(A9," ",B9," ",C9) -> Nozzle Diameter 100 mm
A10: Print Depth | B10: 20 | C10: mm | D10: =CONCATENATE(A10," ",B10," ",C10) -> Print Depth 20 mm
A11: Nozzle volumetric flow rate | B11: 2000 | C11: cm3/s | D11: =CONCATENATE(A11," ",B11," ",C11) -> Nozzle volumetric flow rate 2000 cm3/s
A12: Flow Rate per Nozzles | B12: 5.68 | C12: kg/s | D12: =CONCATENATE(A12," ",B12," ",C12) -> Flow Rate per Nozzles 5.68 kg/s
A15: Print Speed | B15: 10 | C15: m/s | D15: =CONCATENATE(A15," ",B15," ",C15) -> Print Speed 10 m/s
A16: Nozzle Diameter | B16: 2 | C16: m | D16: =CONCATENATE(A16," ",B16," ",C16) -> Nozzle Diameter 2 m
... A34: Continuous Power | B34: 128 | C34: KW | D34: =CONCATENATE(A34," ",B34," ",C34) -> Continuous Power 128 KW
A35: Theoretical Minimum Panel Size | B35: 234 | C35: m2 | D35: =CONCATENATE(A35," ",B35," ",C35) -> Theoretical Minimum Panel Size 234 m2 | E35: 1365 | F35: 1365 | G35: 1365
A36: Square Sides | B36: 15 | C36: m | D36: =CONCATENATE(A36," ",B36," ",C36) -> Square Sides 15 m
A37: Diameter | B37: 17 | C37: m | D37: =CONCATENATE(A37," ",B37," ",C37) -> Diameter 17 m
D38: =CONCATENATE(A38," ",B38," ",C38)
A39: Continuous Power | B39: 70 | C39: MW | D39: =CONCATENATE(A39," ",B39," ",C39) -> Continuous Power 70 MW
A40: Theoretical Minimum Panel Size | B40: 128401 | C40: m2 | D40: =CONCATENATE(A40," ",B40," ",C40) -> Theoretical Minimum Panel Size 128401 m2
A41: Square Sides | B41: 358 | C41: m | D41: =CONCATENATE(A41," ",B41," ",C41) -> Square Sides 358 m
A42: Diameter | B42: 404 | C42: m | D42: =CONCATENATE(A42," ",B42," ",C42) -> Diameter 404 m
D43: =CONCATENATE(A43," ",B43," ",C43)
A44: Continuous Power | B44: 43.8 | C44: TW | D44: =CONCATENATE(A44," ",B44," ",C44) -> Continuous Power 43.8 TW
A45: Theoretical Minimum Panel Size | B45: 80251 | C45: km2 | D45: =CONCATENATE(A45," ",B45," ",C45) -> Theoretical Minimum Panel Size 80251 km2
A46: Square Sides | B46: 283 | C46: km | D46: =CONCATENATE(A46," ",B46," ",C46) -> Square Sides 283 km
A47: Diameter | B47: 320 | C47: km | D47: =CONCATENATE(A47," ",B47," ",C47) -> Diameter 320 km

Sheet Torus Calcs
C8: Units | D8: Version 1 | E8: Version 2 | F8: Version 3
A9: Outer Diameter | B9: D1 | C9: m | D9: 100000 | E9: 41000 | F9: 200000 | G9: 100000
A10: Section Outer Diameter | B10: d1 | C10: m | D10: 10000 | E10: 20500 | F10: 6800 | G10: =G9/G11 -> 20000
A11: Ratio | D11: =D9/D10 -> 10 | E11: =E9/E10 -> 2 | F11: =F9/F10 -> 29.411765 | G11: 5 | H11: 6 | I11: 7 | J11: 8 | K11: 9
A12: Inner Diameter | B12: D2 | C12: m | D12: =SUM(D9-(2*D10)) -> 80000 | E12: =SUM(E9-(2*E10)) -> 0 | F12: =SUM(F9-(2*F10)) -> 186400
A13: Wall Thickness | B13: l1 | C13: m | D13: 10 | E13: 10 | F13: 10
A14: Section Area Outer | C14: m2 | D14: =SUM(3.1416/4*((D9*D9)-((D9-(2*D13))*(D9-(2*D13))))) -> 3141285.8 | E14: =SUM(3.1416/4*((E9*E9)-((E9-(2*E13))*(E9-(2*E13))))) -> 1287741.8 | F14: =SUM(3.1416/4*((F9*F9)-((F9-(2*F13))*(F9-(2*F13))))) -> 6282885.8
A15: Section Area Ground Floor | C15: m2 | D15: =(D9-(D13*2))*D13 -> 999800 | E15: =(E9-(E13*2))*E13 -> 409800 | F15: =(F9-(F13*2))*F13 -> 1999800
A16: Additional Print Area | C16: % | D16: 40 | E16: 40 | F16: 40
A17: Total Sectional Area | C17: m2 | D17: =D14+D15+(D15*D16) -> 44133086 | E17: =E14+E15+(E15*E16) -> 18089542 | F17: =F14+F15+(F15*F16) -> 88274686
A18: Outer Torus Volume | B18: V1 | C18: m3 | D18: =SUM(3.1416*3.1416)*(D9/2+D12/2)*(D9/2-D12/2)*(D9/2-D12/2)/4 -> 22206713760000 | E18: =SUM(3.1416*3.1416)*(E9/2+E12/2)*(E9/2-E12/2)*(E9/2-E12/2)/4 -> 21257068320180 | F18: =SUM(3.1416*3.1416)*(F9/2+F12/2)*(F9/2-F12/2)*(F9/2-F12/2)/4 -> 2.2042799e+13
A19: Inside Torus Outer Diameter | C19: m | D19: =D9-(D13*2) -> 99980 | E19: =E9-(E13*2) -> 40980 | F19: =F9-(F13*2) -> 199980
A20: Inside Torus Inner Diameter | C20: m | D20: =D12+(D13*2) -> 80020 | E20: =E12+(E13*2) -> 20 | F20: =F12+(F13*2) -> 186420
A21: Inside Torus Volume | C21: m3 | D21: =SUM(3.1416*3.1416)*(D19/2+D20/2)*(D19/2-D20/2)*(D19/2-D20/2)/4 -> 2.2117976e+13 | E21: =SUM(3.1416*3.1416)*(E19/2+E20/2)*(E19/2-E20/2)*(E19/2-E20/2)/4 -> 2.1215611e+13 | F21: =SUM(3.1416*3.1416)*(F19/2+F20/2)*(F19/2-F20/2)*(F19/2-F20/2)/4 -> 2.1913326e+13
A22: Torus Shell Volume | C22: m3 | D22: =SUM(D18-D21) -> 8.8738028e+10 | E22: =SUM(E18-E21) -> 4.1456974e+10 | F22: =SUM(F18-F21) -> 1.2947284e+11
A23: Central floor Volume | C23: m3 | D23: =(3.1416*D13*D19*(D10-2*D13)) -> 3.1346897e+10 | E23: =(3.1416*E13*E19*(E10-2*E13)) -> 2.6366519e+10 | F23: =(3.1416*F13*F19*(F10-2*F13)) -> 4.2595836e+10
A24: Additional Print Volume | C24: m3 | D24: =SUM(D16*D23)+D23 -> 1.2852228e+12 | E24: =SUM(E16*E23)+E23 -> 1.0810273e+12 | F24: =SUM(F16*F23)+F23 -> 1.7464293e+12
A25: Internal Volume | C25: m3 | D25: =D21-D24 -> 2.0832753e+13 | E25: =E21-E24 -> 2.0134584e+13 | F25: =F21-F24 -> 2.0166896e+13
A26: Internal Volume | C26: km3 | D26: =D25/1000000000 -> 20832.753 | E26: =E25/1000000000 -> 20134.584 | F26: =F25/1000000000 -> 20166.896
A27: Total Print Volume | C27: m3 | D27: =D22+D24 -> 1.3739608e+12 | E27: =E22+E24 -> 1.1224842e+12 | F27: =F22+F24 -> 1.8759021e+12
A28: Total Print Volume | C28: km3 | D28: =D27/1000000000 -> 1373.9608 | E28: =E27/1000000000 -> 1122.4842 | F28: =F27/1000000000 -> 1875.9021
A29: People on Board | D29: 10000000 | E29: 100000000 | F29: 1000000000
A30: Ground Floor Space | C30: m2 | D30: =3.1416*2*(D9-D12)*D10 -> 1256640000 | E30: =3.1416*2*(E9-E12)*E10 -> 5281029600 | F30: =3.1416*2*(F9-F12)*F10 -> 581070336
A31: Ground Floor Space | C31: km2 | D31: =D30/1000000 -> 1256.64 | E31: =E30/1000000 -> 5281.0296 | F31: =F30/1000000 -> 581.07034
A32: Average volume per person | C32: m3 | D32: =D25/D29/2 -> 1041637.6 | E32: =E25/E29/2 -> 100672.92 | F32: =F25/F29/2 -> 10083.448
A33: Floor Space per person at 2.5 m ceiling | C33: m2 | D33: =D32/2.5 -> 416655.06 | E33: =E32/2.5 -> 40269.168 | F33: =F32/2.5 -> 4033.3793
A34: Total Mass of People | C34: Ton | D34: =SUM(D29*62)/1000 -> 620000 | E34: =SUM(E29*62)/1000 -> 6200000 | F34: =SUM(F29*62)/1000 -> 62000000
D35: =E11 -> 2 | E35: =D11 -> 10 | F35: =F11 -> 29.411765
D36: 1 | E36: =SUM(1-(D28-E28)/E28) -> 0.77596428 | F36: =SUM(1-(F28-E28)/E28) -> 0.32879426

Sheet Charts 100km
B1: Version 1 | C1: Version 2 | D1: Version 3 | H1: Version 1 | I1: Version 2 | J1: Version 3
A2: Wall Thickness | B2: ='Basic Calcs 10km'!D8*100 -> 1000 | C2: ='Basic Calcs 10km'!E8*100 -> 1000 | D2: ='Basic Calcs 10km'!F8*100 -> 1000 | E2: cm | G2: Wall Thickness | H2: 2 | I2: 5 | J2: 10
A3: Print Time | B3: ='Basic Calcs 10km'!D46 -> 9.7530702 | C3: ='Basic Calcs 10km'!E46 -> 15.604912 | D3: ='Basic Calcs 10km'!F46 -> 24.382675 | E3: years | G3: Print Time | H3: 1.0791824 | I3: 2.6836218 | J3: 5.3195182
A5: Wall Thickness | B5: =B2 -> 1000 | C5: =C2 -> 1000 | D5: =D2 -> 1000
A6: Falcon Heavy Lifts | B6: ='Basic Calcs 10km'!D56 -> 2.9902291e+08 | C6: ='Basic Calcs 10km'!E56 -> 2.9902291e+08 | D6: ='Basic Calcs 10km'!F56 -> 2.9902291e+08
A8: Total Print Volume | B8: ='Basic Calcs 10km'!D22 -> 1.3477089e+10 | C8: ='Basic Calcs 10km'!E22 -> 1.3477089e+10 | D8: ='Basic Calcs 10km'!F22 -> 1.3477089e+10 | E8: m3
A9: People on Board | B9: ='Basic Calcs 10km'!D24 -> 1000000 | C9: ='Basic Calcs 10km'!E24 -> 5000000 | D9: ='Basic Calcs 10km'!F24 -> 10000000
A10: Average volume per person | B10: ='Basic Calcs 10km'!D27 -> 4364.8125 | C10: ='Basic Calcs 10km'!E27 -> 872.9625 | D10: ='Basic Calcs 10km'!F27 -> 436.48125 | E10: m3
A11: Total Mass | B11: ='Basic Calcs 10km'!D53 -> 1.9137466e+10 | C11: ='Basic Calcs 10km'!E53 -> 1.9137466e+10 | D11: ='Basic Calcs 10km'!F53 -> 1.9137466e+10 | E11: Tonnes
A13: Lifts frequency | B13: ='Basic Calcs 10km'!D58 -> 1.190501e-05 | C13: ='Basic Calcs 10km'!E58 -> 1.9048016e-05 | D13: ='Basic Calcs 10km'!F58 -> 2.9762524e-05 | E13: days
A15: Continuous Power | B15: ='Basic Calcs 10km'!D66 -> 1095.4286 | C15: ='Basic Calcs 10km'!E66 -> 684.64286 | D15: ='Basic Calcs 10km'!F66 -> 438.17143 | E15: kW
A16: Theroretical Minimum Panel Size | B16: ='Basic Calcs 10km'!D69 -> 2.0062794e+09 | C16: ='Basic Calcs 10km'!E69 -> 1.2539246e+09 | D16: ='Basic Calcs 10km'!F69 -> 8.0251177e+08 | E16: m2

Sheet Materials Table 100km
E1: 1 | F1: 2 | G1: 3 | H1: Material | I1: Density kg/m3 | J1: Notes / Source | N1: Melt Energy kWhrs/ton | O1: Notes / Source
A2: 1 | B2: 1 | C2: 1 | D2: 1 | E2: =IF(B2=A2,I2,"") -> 2840 | F2: =IF(C2=A2,I2,"") -> 2840 | G2: =IF(D2=A2,I2,"") -> 2840 | H2: ='Materials Properties'!H2 -> Moon Rock | I2: ='Materials Properties'!I2 -> 2840 | J2: http://www.psrd.hawaii.edu/CosmoSparks/July12/Lunar-rock-densities.html | K2: =IF(A2=B2,N2,"") -> 150 | L2: =IF(C2=A2,N2,"") -> 150 | M2: =IF(D2=A2,N2,"") -> 150 | N2: ='Materials Properties'!N2 -> 150 | O2: Assumed to be that of substrate material. Estimate only
A3: 2 | B3: =B2 -> 1 | C3: =C2 -> 1 | D3: =D2 -> 1 | E3: =IF(B3=A3,I3,"") | F3: =IF(C3=A3,I3,"") | G3: =IF(D3=A3,I3,"") | H3: ='Materials Properties'!H3 -> Auminium | I3: ='Materials Properties'!I3 -> 2705 | J3: https://theengineeringmindset.com/density-of-metals/ | K3: =IF(A3=B3,N3,"") | L3: =IF(C3=A3,N3,"") | M3: =IF(D3=A3,N3,"") | N3: ='Materials Properties'!N3 -> 575 | O3: https://electroheatinduction.com/how-to-calculate-electricity-cost-for-melting-metal-in-induction-melting-furnace/
A4: 3 | B4: =B3 -> 1 | C4: =C3 -> 1 | D4: =D3 -> 1 | E4: =IF(B4=A4,I4,"") | F4: =IF(C4=A4,I4,"") | G4: =IF(D4=A4,I4,"") | H4: ='Materials Properties'!H4 -> Steel | I4: ='Materials Properties'!I4 -> 7850 | J4: https://theengineeringmindset.com/density-of-metals/ | K4: =IF(A4=B4,N4,"") | L4: =IF(C4=A4,N4,"") | M4: =IF(D4=A4,N4,"") | N4: ='Materials Properties'!N4 -> 600 | O4: https://electroheatinduction.com/how-to-calculate-electricity-cost-for-melting-metal-in-induction-melting-furnace/
A5: 4 | B5: =B4 -> 1 | C5: =C4 -> 1 | D5: =D4 -> 1 | E5: =IF(B5=A5,I5,"") | F5: =IF(C5=A5,I5,"") | G5: =IF(D5=A5,I5,"") | H5: ='Materials Properties'!H5 -> High Impact ABS | I5: ='Materials Properties'!I5 -> 1100 | J5: https://omnexus.specialchem.com/polymer-properties/properties/density | K5: =IF(A5=B5,N5,"") | L5: =IF(C5=A5,N5,"") | M5: =IF(D5=A5,N5,"") | N5: ='Materials Properties'!N5 -> 100.22994 | O5: https://www.ptonline.com/articles/injection-molding-#:~:text=A%20kilogram%20of%20a%20semi-crystalline%20resin%2C%20such%20as,vs.%20342%29%2C%20yet%20their%20processing%20temperatures%20are%20similar.
A6: 5 | B6: =B5 -> 1 | C6: =C5 -> 1 | D6: =D5 -> 1 | E6: =IF(B6=A6,I6,"") | F6: =IF(C6=A6,I6,"") | G6: =IF(D6=A6,I6,"") | H6: ='Materials Properties'!H6 -> Add to table | I6: ='Materials Properties'!I6 -> 0 | K6: =IF(A6=B6,N6,"") | L6: =IF(C6=A6,N6,"") | M6: =IF(D6=A6,N6,"") | N6: ='Materials Properties'!N6 -> 0
A7: 6 | B7: =B6 -> 1 | C7: =C6 -> 1 | D7: =D6 -> 1 | E7: =IF(B7=A7,I7,"") | F7: =IF(C7=A7,I7,"") | G7: =IF(D7=A7,I7,"") | H7: ='Materials Properties'!H7 -> Add to table | I7: ='Materials Properties'!I7 -> 0 | K7: =IF(A7=B7,N7,"") | L7: =IF(C7=A7,N7,"") | M7: =IF(D7=A7,N7,"") | N7: ='Materials Properties'!N7 -> 0
A8: 7 | B8: =B7 -> 1 | C8: =C7 -> 1 | D8: =D7 -> 1 | E8: =IF(B8=A8,I8,"") | F8: =IF(C8=A8,I8,"") | G8: =IF(D8=A8,I8,"") | H8: ='Materials Properties'!H8 -> Add to table | I8: ='Materials Properties'!I8 -> 0 | K8: =IF(A8=B8,N8,"") | L8: =IF(C8=A8,N8,"") | M8: =IF(D8=A8,N8,"") | N8: ='Materials Properties'!N8 -> 0
A9: 8 | B9: =B8 -> 1 | C9: =C8 -> 1 | D9: =D8 -> 1 | E9: =IF(B9=A9,I9,"") | F9: =IF(C9=A9,I9,"") | G9: =IF(D9=A9,I9,"") | H9: ='Materials Properties'!H9 -> Add to table | I9: ='Materials Properties'!I9 -> 0 | K9: =IF(A9=B9,N9,"") | L9: =IF(C9=A9,N9,"") | M9: =IF(D9=A9,N9,"") | N9: ='Materials Properties'!N9 -> 0
A10: 9 | B10: =B9 -> 1 | C10: =C9 -> 1 | D10: =D9 -> 1 | E10: =IF(B10=A10,I10,"") | F10: =IF(C10=A10,I10,"") | G10: =IF(D10=A10,I10,"") | H10: ='Materials Properties'!H10 -> Add to table | I10: ='Materials Properties'!I10 -> 0 | K10: =IF(A10=B10,N10,"") | L10: =IF(C10=A10,N10,"") | M10: =IF(D10=A10,N10,"") | N10: ='Materials Properties'!N10 -> 0
A11: 10 | B11: =B10 -> 1 | C11: =C10 -> 1 | D11: =D10 -> 1 | E11: =IF(B11=A11,I11,"") | F11: =IF(C11=A11,I11,"") | G11: =IF(D11=A11,I11,"") | H11: ='Materials Properties'!H11 -> Add to table | I11: ='Materials Properties'!I11 -> 0 | K11: =IF(A11=B11,N11,"") | L11: =IF(C11=A11,N11,"") | M11: =IF(D11=A11,N11,"") | N11: ='Materials Properties'!N11 -> 0
A12: 11 | B12: =B11 -> 1 | C12: =C11 -> 1 | D12: =D11 -> 1 | E12: =IF(B12=A12,I12,"") | F12: =IF(C12=A12,I12,"") | G12: =IF(D12=A12,I12,"") | H12: ='Materials Properties'!H12 -> Add to table | I12: ='Materials Properties'!I12 -> 0 | K12: =IF(A12=B12,N12,"") | L12: =IF(C12=A12,N12,"") | M12: =IF(D12=A12,N12,"") | N12: ='Materials Properties'!N12 -> 0
A13: 12 | B13: =B12 -> 1 | C13: =C12 -> 1 | D13: =D12 -> 1 | E13: =IF(B13=A13,I13,"") | F13: =IF(C13=A13,I13,"") | G13: =IF(D13=A13,I13,"") | H13: ='Materials Properties'!H13 -> Add to table | I13: ='Materials Properties'!I13 -> 0 | K13: =IF(A13=B13,N13,"") | L13: =IF(C13=A13,N13,"") | M13: =IF(D13=A13,N13,"") | N13: ='Materials Properties'!N13 -> 0
A14: 13 | B14: =B13 -> 1 | C14: =C13 -> 1 | D14: =D13 -> 1 | E14: =IF(B14=A14,I14,"") | F14: =IF(C14=A14,I14,"") | G14: =IF(D14=A14,I14,"") | H14: ='Materials Properties'!H14 -> Add to table | I14: ='Materials Properties'!I14 -> 0 | K14: =IF(A14=B14,N14,"") | L14: =IF(C14=A14,N14,"") | M14: =IF(D14=A14,N14,"") | N14: ='Materials Properties'!N14 -> 0
A15: 14 | B15: =B14 -> 1 | C15: =C14 -> 1 | D15: =D14 -> 1 | E15: =IF(B15=A15,I15,"") | F15: =IF(C15=A15,I15,"") | G15: =IF(D15=A15,I15,"") | H15: ='Materials Properties'!H15 -> Add to table | I15: ='Materials Properties'!I15 -> 0 | K15: =IF(A15=B15,N15,"") | L15: =IF(C15=A15,N15,"") | M15: =IF(D15=A15,N15,"") | N15: ='Materials Properties'!N15 -> 0
A16: 15 | B16: =B15 -> 1 | C16: =C15 -> 1 | D16: =D15 -> 1 | E16: =IF(B16=A16,I16,"") | F16: =IF(C16=A16,I16,"") | G16: =IF(D16=A16,I16,"") | H16: ='Materials Properties'!H16 -> Add to table | I16: ='Materials Properties'!I16 -> 0 | K16: =IF(A16=B16,N16,"") | L16: =IF(C16=A16,N16,"") | M16: =IF(D16=A16,N16,"") | N16: ='Materials Properties'!N16 -> 0
A17: 16 | B17: =B16 -> 1 | C17: =C16 -> 1 | D17: =D16 -> 1 | E17: =IF(B17=A17,I17,"") | F17: =IF(C17=A17,I17,"") | G17: =IF(D17=A17,I17,"") | H17: ='Materials Properties'!H17 -> Add to table | I17: ='Materials Properties'!I17 -> 0 | K17: =IF(A17=B17,N17,"") | L17: =IF(C17=A17,N17,"") | M17: =IF(D17=A17,N17,"") | N17: ='Materials Properties'!N17 -> 0
... A21: 20 | B21: =B20 -> 1 | C21: =C20 -> 1 | D21: =D20 -> 1 | E21: =IF(B21=A21,I21,"") | F21: =IF(C21=A21,I21,"") | G21: =IF(D21=A21,I21,"") | H21: ='Materials Properties'!H21 -> Add to table | I21: ='Materials Properties'!I21 -> 0 | K21: =IF(A21=B21,N21,"") | L21: =IF(C21=A21,N21,"") | M21: =IF(D21=A21,N21,"") | N21: ='Materials Properties'!N21 -> 0
E23: =SUM(E2:E21) -> 2840 | F23: =SUM(F2:F21) -> 2840 | G23: =SUM(G2:G21) -> 2840 | K23: =SUM(K2:K21) -> 150 | L23: =SUM(L2:L21) -> 150 | M23: =SUM(M2:M21) -> 150

Sheet Basic Calcs All
A2: Dimensions
C4: Units | D4: Version 1 | E4: Version 2 | F4: Version 3 | G4: ISS | H4: Notes | I4: Source
A5: Outer Diameter | B5: D1 | C5: m | D5: 100 | E5: 1000 | F5: 100000 | G5: 73 | H5: Inside diameter of the Seed Ring. ISS dimension relates to maximum length | I5: https://en.wikipedia.org/wiki/Electrical_system_of_the_International_Space_Station
A6: Section Outer Diameter | B6: d1 | C6: m | D6: 10 | E6: 100 | F6: 10000 | H6: Outside diamter of the section - for the purposes of simplicity assumed to be circular
A7: Inner Diameter | B7: D2 | C7: m | D7: =SUM(D5-(2*D6)) -> 80 | E7: =SUM(E5-(2*E6)) -> 800 | F7: =SUM(F5-(2*F6)) -> 80000
A8: Wall Thickness | B8: l1 | C8: m | D8: 0.02 | E8: 0.5 | F8: 10
A9: Section Area Outer | C9: m2 | D9: =SUM(3.1416/4*((D5*D5)-((D5-(2*D8))*(D5-(2*D8))))) -> 6.2819434 | E9: =SUM(3.1416/4*((E5*E5)-((E5-(2*E8))*(E5-(2*E8))))) -> 1570.0146 | F9: =SUM(3.1416/4*((F5*F5)-((F5-(2*F8))*(F5-(2*F8))))) -> 3141285.8 | H9: Area of the outer walls required to be fully covered by the print head
A10: Section Area Floor | C10: m2 | D10: =(D5-(D8*2))*D8 -> 1.9992 | E10: =(E5-(E8*2))*E8 -> 499.5 | F10: =(F5-(F8*2))*F8 -> 999800 | H10: Area of the central floor area required to be fully covered by the print head
A11: Additional Print Area | C11: % | D11: 2 | E11: 2 | F11: 40 | H11: For further inner floors / walls as a percentage of the central floor section area
A12: Total Sectional Area | C12: m2 | D12: =D9+D10+(D10*D11) -> 12.279543 | E12: =E9+E10+(E10*E11) -> 3068.5146 | F12: =F9+F10+(F10*F11) -> 44133086 | H12: This number is used in conjunction with the print nozzle size and print depth to calculate how many revolutions are required to cover the area
A13: Outer Torus Volume | B13: V1 | C13: m3 | D13: =SUM(3.1416*3.1416)*(D5/2+D7/2)*(D5/2-D7/2)*(D5/2-D7/2)/4 -> 22206.714 | E13: =SUM(3.1416*3.1416)*(E5/2+E7/2)*(E5/2-E7/2)*(E5/2-E7/2)/4 -> 22206714 | F13: =SUM(3.1416*3.1416)*(F5/2+F7/2)*(F5/2-F7/2)*(F5/2-F7/2)/4 -> 22206713760000
A14: Inside Torus Outer Diameter | C14: m | D14: =D5-(D8*2) -> 99.96 | E14: =E5-(E8*2) -> 999 | F14: =F5-(F8*2) -> 99980
A15: Inside Torus Inner Diameter | C15: m | D15: =D7+(D8*2) -> 80.04 | E15: =E7+(E8*2) -> 801 | F15: =F7+(F8*2) -> 80020
A16: Inside Torus Volume | C16: m3 | D16: =SUM(3.1416*3.1416)*(D14/2+D15/2)*(D14/2-D15/2)*(D14/2-D15/2)/4 -> 22029.415 | E16: =SUM(3.1416*3.1416)*(E14/2+E15/2)*(E14/2-E15/2)*(E14/2-E15/2)/4 -> 21764800 | F16: =SUM(3.1416*3.1416)*(F14/2+F15/2)*(F14/2-F15/2)*(F14/2-F15/2)/4 -> 2.2117976e+13 | H16: Layer thickness
A17: Torus Shell Volume | C17: m3 | D17: =SUM(D13-D16) -> 177.2984 | E17: =SUM(E13-E16) -> 441913.6 | F17: =SUM(F13-F16) -> 8.8738028e+10
A18: Central floor Volume | C18: m3 | D18: =(3.1416*D8*D14*(D6-2*D8)) -> 62.55564 | E18: =(3.1416*E8*E14*(E6-2*E8)) -> 155353.69 | F18: =(3.1416*F8*F14*(F6-2*F8)) -> 3.1346897e+10 | H18: Volume associated with a ring shaped floor at the widest point wih a thickness equal to the outer wall
A19: Additional Print Volume | C19: m3 | D19: =SUM(D11*D18)+D18 -> 187.66692 | E19: =SUM(E11*E18)+E18 -> 466061.07 | F19: =SUM(F11*F18)+F18 -> 1.2852228e+12
A20: Internal Volume | C20: m3 | D20: =D16-D19 -> 21841.748 | E20: =E16-E19 -> 21298739 | F20: =F16-F19 -> 2.0832753e+13 | G20: 932 | I20: https://www.nasa.gov/feature/facts-and-figures
A21: Total Print Volume | C21: m3 | D21: =D17+D19 -> 364.96532 | E21: =E17+E19 -> 907974.68 | F21: =F17+F19 -> 1.3739608e+12
A22: People on Board | D22: 50 | E22: 10000 | F22: 100000000 | G22: 6 | H22: Possibly constrained by bed space
A23: Average volume per person | C23: m3 | D23: =D20/D22 -> 436.83497 | E23: =E20/E22 -> 2129.8739 | F23: =F20/F22 -> 208327.53 | G23: =SUM(G20/G22) -> 155.33333
A24: Floor Space per person at 2.5 m ceiling | C24: m2 | D24: =D23/2.5 -> 174.73399 | E24: =E23/2.5 -> 851.94956 | F24: =F23/2.5 -> 83331.012 | H24: Approximate calculation does not consider curvature of structure
A26: Manufacturing Process
A28: Print Speed | C28: m/s | D28: 0.5 | E28: 1 | F28: 10 | H28: How fast the printer head moves relative to the surface being printed Current home 3D print speed. Aluminium extrusion in range of 5 - 50 m/min (0.08 - 0.8 m/s)
A29: Nozzle Diameter | C29: mm | D29: 4 | E29: 100 | F29: 2000
A30: Print Depth | C30: mm | D30: 2 | E30: 20 | F30: 1000
A31: Nozzle volumetric flow rate | C31: cm3/s | D31: =SUM(D29*D28*D30) -> 4 | E31: =SUM(E29*E28*E30) -> 2000 | F31: =SUM(F29*F28*F30) -> 20000000 | H31: For all Nozzles
A32: Rotational Speed | C32: RPM | D32: =D28*60/(3.1416*D5) -> 0.095492743 | E32: =E28*60/(3.1416*E5) -> 0.019098549 | F32: =F28*60/(3.1416*F5) -> 0.0019098549 | H32: Calculated from the print head speed at the outer diameter
A33: G-force outer edge (RCF) | D33: =D32*D32*1.118*0.001*(D5/2) -> 0.00050974449 | E33: =E32*E32*1.118*0.001*(E5/2) -> 0.0002038978 | F33: =F32*F32*1.118*0.001*(F5/2) -> 0.0002038978 | H33: Induced by rotation of ring
A34: Number of Print Head Nozzles | D34: 4 | E34: 16 | F34: 1000 | H34: Number of nozzles for the main construction material - separate print head are assumed for other materials
A35: Flow Rate per Nozzles | C35: kg/s | D35: =D36/D34 -> 0.01082 | E35: =E36/E34 -> 5.68 | F35: =F36/F34 -> 56800
A36: Flow Rate All Nozzles | C36: kg/s | D36: =SUM(D31*D45*D34)/1000000 -> 0.04328 | E36: =SUM(E31*E45*E34)/1000000 -> 90.88 | F36: =SUM(F31*F45*F34)/1000000 -> 56800000 | H36: Used in power sonsumption calculations
A37: Print Efficiency | C37: % | D37: 0.9 | E37: 0.9 | F37: 0.9 | H37: Tme Printing vs Time Not Printing NOT INCLUDING wall design desity
A38: Number of Complete Revolutions | C38: million | D38: =D12/(D29*D30/1000)/1000 -> 1.5349429 | E38: =(E9+E10)/(E29*E30/1000)/1000 -> 1.0347573 | F38: =(F9+F10)/(F29*F30/1000)/1000 -> 2.0705429 | H38: Based upon the total sectional area divided by the print area (nozzle diameter x print depth x number of nozzles)
A39: Print Time | C39: days | D39: =((D38*1000)/D32)/60/24/D34/D37*1000 -> 3100.6794 | E39: =((E38*1000)/E32)/60/24/E34/E37*1000 -> 2612.842 | F39: =((F38*1000)/F32)/60/24/F34/F37*1000 -> 836.5249 | H39: Calculated using number of revolutions and rotaional speed
A40: Print Time | C40: years | D40: =SUM(D39)/365 -> 8.4950122 | E40: =SUM(E39)/365 -> 7.1584713 | F40: =SUM(F39)/365 -> 2.291849
A42: Material Requirements
A44: Main Structure Material
A45: Material Density | C45: kg/m3 | D45: ='Materials Table All'!E23 -> 2705 | E45: ='Materials Table All'!F23 -> 2840 | F45: ='Materials Table All'!G23 -> 2840 | H45: From Table
A46: Wall Design Density | C46: % | D46: 0.5 | E46: 1 | F46: 0.5
A47: Total Mass | C47: Tonnes | D47: =SUM(D21)*D45/1000*D46 -> 493.6156 | E47: =SUM(E21)*E45/1000*E46 -> 2578648.1 | F47: =SUM(F21)*F45/1000*F46 -> 1.9510244e+12 | G47: 420 | I47: https://www.nasa.gov/feature/facts-and-figures
A48: Raw Materials Production Rate | C48: tonnes /day | D48: =D47/D39 -> 0.15919595 | E48: =E47/E39 -> 986.91312 | F48: =F47/F39 -> 2.3322968e+09
A49: Falcon Heavy Lifts | D49: =SUM(D47/64) -> 7.7127437 | E49: =SUM(E47/64) -> 40291.376 | F49: =SUM(F47/64) -> 3.0484756e+10 | H49: 64 Ton lift capacity | I49: https://arstechnica.com/science/2018/02/three-years-of-sls-development-could-buy-86-falcon-heavy-launches/
A50: Launch Cost | C50: $m | D50: 150 | E50: 150 | F50: 150 | H50: Assumed $150m per launch | I50: https://arstechnica.com/science/2018/02/three-years-of-sls-development-could-buy-86-falcon-heavy-launches/
A51: Lifts frequency | C51: days | D51: =SUM(365/(D49/D40)) -> 402.02029 | E51: =SUM(365/(E49/E40)) -> 0.064848667 | F51: =SUM(365/(F49/F40)) -> 2.7440761e-08
A52: Lift Cost | C52: $bn | D52: =SUM(D49*D50/1000) -> 1.1569116 | E52: =SUM(E49*E50/1000) -> 6043.7064 | F52: =SUM(F49*F50/1000) -> 4.5727134e+09
A54: Power Requirements
A56: Melt Energy | C56: GJ/ton | D56: ='Materials Table All'!K$23*3600/1000000 -> 2.07 | E56: ='Materials Table All'!L$23*3600/1000000 -> 0.54 | F56: ='Materials Table All'!M$23*3600/1000000 -> 0.54
A57: Total Energy | C57: GJ | D57: =SUM(D47*D56) -> 1021.7843 | E57: =SUM(E47*E56) -> 1392470 | F57: =SUM(F47*F56) -> 1.0535532e+12
A58: Process Efficiency | C58: % | D58: 0.7 | E58: 0.7 | F58: 0.7 | H58: Inneficiencies in overall system such melt vessel heat loses and power transmission loses
A59: Continuous Power | C59: kW | D59: =D56*1000*D36/D58 -> 127.98514 | E59: =E56*1000*E36/E58 -> 70107.429 | F59: =F56*1000*F36/F58 -> 4.3817143e+10 | G59: 120 | H59: Calculated by assuming all nozzles are consurrently printing at the flow rates For additional comparison nuclear power station range up to 8 MW
A60: Solar energy in orbit | C60: W/m2 | D60: 1365 | E60: 1365 | F60: 1365 | H60: The location of the manufacturing site relative to the position of the sun, earth and moon will impact this number | I60: https://www.solarenspace.com/solaren-space-solar/ssp-overview/
A61: Panel Efficiency | C61: % | D61: 0.3 | E61: 0.3 | F61: 0.3
A62: Theoretical Minimum Panel Size | C62: m2 | D62: =SUM(D59/D60)*1000/D61 -> 312.54003 | E62: =SUM(E59/E60)*1000/E61 -> 171202.51 | F62: =SUM(F59/F60)*1000/F61 -> 1.0700157e+11 | H62: Assumes continuous line of site to the sun | I62: https://www.nasa.gov/mission_pages/station/structure/elements/solar_arrays-about.html
A63: Square Sides | C63: m | D63: =SQRT(D62) -> 17.678802 | E63: =SQRT(E62) -> 413.76625 | F63: =SQRT(F62) -> 327110.94 | G63: =SQRT(G65) -> 50 | H63: Dimensions of square panel
A64: Diameter | C64: m | D64: =SQRT(D62*4/3.14) -> 19.95345 | E64: =SQRT(E62*4/3.14) -> 467.00361 | F64: =SQRT(F62*4/3.14) -> 369198.77 | G64: =SQRT(G65*4/3.14) -> 56.433265 | H64: Equivalent size of the circular panel
A65: Panel Size Using ISS panel size / power ratio | C65: m2 | D65: =D59/$G59*$G65/D58 -> 3809.0816 | E65: =E59/$G59*$G65/E58 -> 2086530.6 | F65: =F59/$G59*$G65/F58 -> 1.3040816e+12 | G65: 2500 | H65: Assumes a worst case.
A66: Square Sides | C66: m | D66: =SQRT(D65) -> 61.717758 | E66: =SQRT(E65) -> 1444.4828 | F66: =SQRT(F65) -> 1141963.9
A67: Diameter | C67: m | D67: =SQRT(D65*4/3.14) -> 69.658691 | E67: =SQRT(E65*4/3.14) -> 1630.3376 | F67: =SQRT(F65*4/3.14) -> 1288895.1
A69: Value to be entered
A70: Value from external source
A71: Calculated Value
D81: Revolutions | E81: =8/(2*4)*1000000 -> 1000000
D82: Minutes | E82: =SUM(E81/E32) -> 52360000
D83: days | E83: =SUM(E82/60/24) -> 36361.111
D84: years | E84: =SUM(E83/365) -> 99.619482
